customer_id,first_name,last_name,birthdate,email,phone,address_id,registration_date,customer_id,VIP
1,Stefan,Karol,1980-04-10,StefaKa52@gmail.com,566496188,376,2021-01-04,1,2023-02-18
2,Piotr,Lepka,1957-05-19,PioLep@live.com,870278733,208,2021-01-04,2,2021-11-16
3,Fryderyk,Jakóbik,1967-05-16,FryJak@wp.pl,652291748,99,2021-01-04,3,2021-06-26
4,Kamila,Bas,1993-06-19,KamilBa54@wp.pl,278239946,125,2021-01-04,4,2021-10-09
5,Alexandr,Blažek,1945-02-24,AlBlaž79@gmail.com,208444383,524,2021-01-04,5,2022-12-15
6,Jan,Radko,1961-04-26,JaRad76@o2.pl,994613210,238,2021-01-04,6,2021-07-31
7,Феофан,Жадан,1997-04-05,ФеофЖада11@gmail.com,745695578,458,2021-01-04,7,2021-03-27
8,Kaja,Deryło,1985-08-19,KajDerył22@o2.pl,445590162,178,2021-01-04,8,2022-06-13
9,Borys,Policht,1954-12-11,BoryPoli@o2.pl,250978899,218,2021-01-04,9,2023-02-02
10,Nataniel,Śnieg,1997-08-07,NataniŚn82@live.com,798956875,567,2021-01-04,10,2023-02-25
11,Kalina,Wujek,1959-02-12,KalinWuje@gmail.com,385373271,343,2021-01-04,11,2021-05-19
12,Witold,Parzonka,1980-12-19,WitParzo0@wp.pl,233712432,334,2021-01-04,12,2021-01-24
13,Malwina,Woronko,1990-06-06,MalWor16@gmail.com,293326104,566,2021-01-04,13,2022-12-25
14,Sara,Królikiewicz,2010-02-19,SarKrólikiewic@wp.pl,261225833,186,2021-01-04,14,2021-08-01
15,Olaf,Bähr,2008-02-07,OlBä59@gmx.net,188885043,402,2021-01-04,15,2022-05-30
16,Elżbieta,Bejma,1963-02-20,ElBejm@gmail.com,496317002,265,2021-01-04,16,2022-06-04
17,Apolonia,Duczek,1983-02-14,ApoloniDuc0@o2.pl,763389082,157,2021-01-04,17,2022-12-01
18,Olav,Schlosser,1945-03-25,OlSchloss@web.de,114684925,94,2021-01-05,18,2022-07-03
19,Apolonia,Ufnal,1957-11-11,ApoloUfn79@o2.pl,284282134,361,2021-01-05,19,2021-01-25
20,Apolonia,Drost,2000-11-19,ApDros@o2.pl,609096952,193,2021-01-05,20,2021-04-26
21,Torsten,Löchel,1972-03-27,TorstLö53@gmx.net,200301380,188,2021-01-05,21,2021-06-12
22,Ада,Байда,2008-05-13,АдБайд73@gmail.com,446106702,93,2021-01-05,22,2021-05-05
23,Volkmar,Paffrath,1976-04-04,VolkmPaff@gmail.com,687887533,360,2021-01-05,23,2021-03-04
24,Gabriel,John,1989-01-26,GabrJoh@live.com,917840532,129,2021-01-05,24,2023-05-10
25,Justyna,Ofiara,1976-05-21,JuOfi@wp.pl,649071853,144,2021-01-05,25,2022-11-14
26,Oliwier,Muniak,2009-04-19,OlMunia83@wp.pl,645998729,369,2021-01-05,26,2022-09-06
27,Світлана,Гресь,1966-01-31,СвіГрес47@gmail.com,347407732,123,2021-01-05,27,2021-12-29
28,Anita,Skalik,1997-03-26,AnitSkali18@live.com,448526491,221,2021-01-06,28,2021-01-24
29,Marek,Kaczka,1974-11-24,MareKac@live.com,337578535,225,2021-01-06,29,2022-08-13
30,Dominic,Thanel,1963-05-14,DomiThane81@gmail.com,822510223,116,2021-01-06,30,2022-11-30
31,Tadeusz,Górkiewicz,2009-01-21,TadeusGórk@gmail.com,711015079,326,2021-01-06,31,2023-05-27
32,Natasza,Gołota,1965-07-28,NataszGo@live.com,572950321,288,2021-01-06,32,2021-03-21
33,Maurycy,Władyka,1943-06-09,MaurycWładyk47@gmail.com,643741258,466,2021-01-06,33,2021-03-09
34,Łukasz,Szymocha,1997-03-31,ŁuSzymo88@live.com,716060273,447,2021-01-07,34,2021-04-20
35,Damian,Rohde,1944-05-23,DamRohd@wp.pl,511874292,452,2021-01-08,35,2023-05-27
36,Розалія,Корсун,1958-06-28,РозКорс39@mail.ru,806951184,149,2021-01-08,36,2023-03-14
37,Karina,Leśny,1979-05-12,KarLeśn@wp.pl,297954366,520,2021-01-08,37,2022-11-11
38,Julian,Strycharz,2008-10-05,JulStrych12@o2.pl,241186256,318,2021-01-08,38,2022-12-18
39,Julita,Fiedoruk,1948-10-07,JulFi49@wp.pl,792932090,548,2021-01-09,39,2022-08-16
40,Олена,Кириленко,2003-09-15,ОленКириленк78@live.com,619133454,421,2021-01-09,40,2021-02-14
41,Adam,Apostel,1991-12-26,AdAp8@o2.pl,847541753,504,2021-01-10,41,2021-01-22
42,Ksawery,Kryza,1946-04-18,KsawerKr@wp.pl,926985339,236,2021-01-11,42,2021-02-03
43,Marcin,Małyszka,1974-08-09,MarcMałys@o2.pl,283427713,529,2021-01-11,43,2021-02-01
44,Nicole,Smętek,1985-10-24,NicolSmęte@o2.pl,455629189,410,2021-01-12,44,2021-10-13
45,Krystyna,Cieloch,1954-07-08,KrysCielo72@o2.pl,372778276,433,2021-01-12,45,2022-04-27
46,Julita,Czulak,1946-01-15,JuCzul27@live.com,875414220,191,2021-01-13,46,2021-09-02
47,Melania,Małocha,1984-01-06,MelaniMał34@live.com,937409026,556,2021-01-13,47,2021-09-16
48,Dominik,Hejduk,1997-04-21,DomiHe56@wp.pl,114663515,246,2021-01-14,48,2021-01-18
49,Borys,Pyc,1997-03-21,BoPy@wp.pl,921085070,589,2021-01-15,49,2021-01-18
50,Fabian,Radke,1990-09-09,FabiRa90@live.com,587216626,423,2021-01-16,50,2022-04-26
51,Siglinde,Gierschner,1993-05-27,SiglGierschne96@gmx.net,273294945,497,2021-01-17,51,2021-04-02
52,Emil,Osipowicz,1999-09-22,EmOsi@live.com,381496042,406,2021-01-18,52,2021-03-15
53,Miłosz,Opioła,1969-05-22,MiłosOpio71@live.com,394660612,200,2021-01-18,53,2021-06-13
54,Nicole,Jarmuż,1985-02-01,NicJa91@wp.pl,694864709,239,2021-01-20,54,2021-06-21
55,Marcelina,Kominiak,1944-11-01,MarcelinKom26@live.com,251214874,505,2021-01-23,55,2022-05-06
56,Maurycy,Symonowicz,1943-05-01,MauSy5@o2.pl,351617581,314,2021-01-25,56,2022-02-25
57,Marianna,Grzeszkowiak,1986-08-23,MariGrzes43@o2.pl,233244211,0,2021-01-25,57,2022-03-29
58,Michał,Niedojadło,1962-10-12,MichaNiedojad84@gmail.com,659206933,493,2021-01-26,58,2021-02-23
59,Łukasz,Hawro,1993-03-05,ŁuHaw21@gmail.com,506179634,461,2021-01-26,59,2021-06-29
60,Angelika,Kanik,1954-06-21,AngKa62@gmail.com,239654561,121,2021-01-26,60,2021-04-01
61,Anita,Szramka,1989-08-03,AniSzramk62@live.com,202938796,223,2021-01-29,61,2022-03-06
62,Marianna,Wyroślak,1975-10-28,MarianWyrośla33@wp.pl,714116419,468,2021-01-30,62,2021-06-27
63,Святослав,Вітер,2007-02-09,СвятВі14@live.com,289091645,241,2021-01-30,63,2022-03-30
64,Klaas,Röhrdanz,1989-02-07,KlaRöh@live.com,233515262,220,2021-01-31,64,2021-10-07
65,Miłosz,Kretek,1956-08-09,MiKrete38@wp.pl,890201692,473,2021-01-31,65,2021-07-08
66,Leonard,Kubina,2007-02-17,LeonKubi@o2.pl,113877404,570,2021-01-31,66,2021-06-10
67,Karlfried,Schleich,1989-12-22,KarlSchle35@gmx.net,641065706,74,2021-02-02,67,2022-10-21
68,Bianka,Jędryczka,1969-03-25,BiankJęd89@wp.pl,583702846,459,2021-02-04,68,2021-03-16
69,Serge,Wernecke,1983-08-26,SergWerne@live.com,256292043,359,2021-02-05,69,2022-05-26
70,Cezary,Leśna,1946-12-19,CezLe@wp.pl,661372867,568,2021-02-05,70,2023-05-08
71,Klara,Salawa,1993-01-30,KlaSa15@live.com,249761704,522,2021-02-07,71,2021-07-24
72,Leon,Jewuła,2008-09-17,LeJe27@gmail.com,133906158,457,2021-02-08,72,2021-04-06
73,Karol,Wujec,1970-06-16,KaroWuj60@wp.pl,671475665,515,2021-02-09,73,2023-03-23
74,Alan,Wojczuk,1985-01-17,AlWojcz@gmail.com,681795941,212,2021-02-10,74,2021-03-18
75,Leon,Tomaszkiewicz,1986-12-21,LeoTom@wp.pl,992980781,274,2021-02-12,75,2023-02-26
76,Konrad,Plewnia,1997-10-30,KonPl75@wp.pl,247752421,29,2021-02-13,76,2021-04-05
77,Roksana,Andreasik,1998-06-01,RoksAndrea76@o2.pl,330349468,5,2021-02-13,77,2021-07-13
78,Аркадій,Скирда,1957-11-03,АркаСкирд55@gmail.com,304497614,286,2021-02-14,78,2022-07-31
79,Rozalia,Pyza,1989-02-05,RozaliPyz@wp.pl,707719641,435,2021-02-14,79,2021-03-20
80,Oliwier,Dzierwa,1976-01-16,OliwiDz4@gmail.com,664418808,357,2021-02-14,80,2021-08-12
81,Wiktor,Lica,1946-10-11,WikLi@o2.pl,771768049,587,2021-02-15,81,2021-04-04
82,Cyprian,Tarach,1946-05-26,CyprTa17@o2.pl,240629169,135,2021-02-15,82,2021-04-30
83,Jerzy,Krajniak,1989-02-22,JerKr94@live.com,630055900,426,2021-02-15,83,2021-06-18
84,Tymoteusz,Bejger,2004-12-16,TymoteuBe29@wp.pl,551221674,210,2021-02-15,84,2021-08-02
85,Maksymilian,Czerepak,1970-09-28,MaksymiCz@wp.pl,536126051,444,2021-02-16,85,2021-03-09
86,Aurelia,Krajniak,1976-06-30,AurelKra@live.com,906962748,534,2021-02-16,86,2022-09-22
87,Stefan,Karpiak,1956-10-18,StefKar48@live.com,479882075,464,2021-02-18,87,2022-11-13
88,Sara,Morek,1977-03-02,SarMo@wp.pl,297370071,55,2021-02-18,88,2021-08-24
89,Adam,Myszor,1998-11-29,AdMysz16@live.com,805096452,199,2021-02-19,89,2022-03-16
90,Olga,Smętek,1967-05-10,OlgSmęte80@o2.pl,608619978,31,2021-02-19,90,2022-01-24
91,Fabian,Wójs,1977-06-23,FabiaWój71@live.com,735655597,291,2021-02-22,91,2021-06-30
92,Hans Georg,Scheel,2002-12-29,HanSc@live.com,290476330,151,2021-02-22,92,2022-07-02
93,Галина,Євтушок,1967-06-15,ГалЄвту@gmail.com,261405204,46,2021-02-23,93,2022-12-13
94,Bartek,Wosiak,1947-01-30,BaWosi95@o2.pl,510869861,483,2021-02-24,94,
95,Blanka,Syroka,1951-04-25,BlanSyro64@live.com,848223213,551,2021-02-25,95,2022-04-16
96,Ida,Foremniak,1953-04-19,IdFore@o2.pl,373590353,67,2021-02-25,96,2023-01-22
97,Andrzej,Bryja,1980-12-19,AndBryj58@live.com,976869869,584,2021-02-28,97,2021-03-07
98,Nataniel,Olko,1952-01-15,NataniOl44@wp.pl,323915479,115,2021-02-28,98,2022-08-13
99,Gabriel,Kowalak,1958-01-27,GabKow79@live.com,376574509,35,2021-03-01,99,2022-02-23
100,Jędrzej,Ochwat,2001-11-30,JędrzOch@gmail.com,951450616,15,2021-03-02,100,2022-02-03
101,Radosław,Heinrich,2002-03-13,RadoHeinr@o2.pl,651987324,61,2021-03-02,101,2021-04-10
102,Roksana,Strawa,1945-09-17,RoStr@live.com,267990718,440,2021-03-03,102,2022-07-14
103,Fabian,Trznadel,1975-09-03,FaTrzna54@o2.pl,785991996,331,2021-03-06,103,2021-10-22
104,Roksana,Gebauer,1957-05-14,RoksaGebaue63@o2.pl,349282296,279,2021-03-09,104,2021-05-08
105,Kaja,Łuszczak,1948-06-17,KaŁuszcza72@o2.pl,953077135,555,2021-03-11,105,2022-02-20
106,Julian,Buksa,1978-02-27,JulBuks@o2.pl,263233322,146,2021-03-11,106,2023-05-06
107,Оксенія,Байрак,2004-12-15,ОксеБа34@mail.ru,187506910,501,2021-03-11,107,2021-12-04
108,Damian,Oleszczak,1968-10-25,DamiaOleszcza37@gmail.com,982293298,189,2021-03-11,108,2023-02-13
109,Annegrete,Metz,1943-10-04,AnnegreMe11@live.com,744067812,400,2021-03-12,109,2022-06-15
110,Iwo,Stypa,1971-03-17,IwSt48@wp.pl,126230044,398,2021-03-13,110,2022-05-20
111,Marianna,Minkina,1950-11-08,MariannMi@gmail.com,137392195,216,2021-03-13,111,2022-08-02
112,Maurycy,Pabiś,2001-04-23,MaPa90@gmail.com,223662338,387,2021-03-15,112,2023-03-30
113,Aneta,Blažková,1992-09-30,AnetBlažk77@gmail.com,723808622,237,2021-03-15,113,2022-08-06
114,Marcel,Simon,1983-05-08,MarceSim57@gmail.com,521918717,98,2021-03-16,114,2023-04-09
115,Roksana,Miotke,1983-01-29,RoksMio61@o2.pl,827018250,415,2021-03-16,115,2023-01-27
116,Йосип,Іващенко,1950-05-06,ЙоІващенк@mail.ru,322680175,57,2021-03-18,116,
117,Cyprian,Walocha,1946-11-26,CyprWaloc@wp.pl,420062790,465,2021-03-19,117,2023-05-16
118,Dawid,Lewko,2008-01-02,DawLew37@o2.pl,571137178,281,2021-03-19,118,2021-12-17
119,Gustaw,Smętek,1946-01-24,GustSm24@live.com,888331741,19,2021-03-23,119,2023-01-23
120,Inga,Wawrzeńczyk,1981-01-17,InWawr@wp.pl,754667782,553,2021-03-24,120,2021-08-28
121,Tola,Szambelan,1992-02-14,ToSz88@wp.pl,669047376,304,2021-03-25,121,2021-06-16
122,Daniel,Sroga,1955-04-16,DanSrog@gmail.com,782980182,185,2021-03-25,122,2021-05-20
123,Tymon,Kolbusz,1957-06-14,TymoKo@gmail.com,525196968,594,2021-03-25,123,2022-04-20
124,Leon,Borczyk,1998-08-27,LeBor13@wp.pl,910126074,113,2021-03-26,124,2021-05-26
125,Marika,Seifert,1995-03-19,MariSeif@web.de,238365634,247,2021-03-26,125,2021-08-07
126,Simona,Gotthard,1998-02-18,SimoGotthar10@web.de,837062764,310,2021-03-28,126,2022-04-10
127,Fabian,Świgoń,1975-08-12,FabiŚwigo51@wp.pl,271034974,371,2021-03-28,127,2021-06-27
128,Aleks,Drobek,1985-11-09,AlekDrob97@gmail.com,476681091,234,2021-03-28,128,2023-03-24
129,Róża,Szczepan,1979-08-12,RóżSzc@wp.pl,901758445,38,2021-03-29,129,2022-12-28
130,Julianna,Soczówka,1964-04-05,JuliSoczó97@live.com,851466573,437,2021-03-29,130,2021-11-13
131,Богдан,Яценко,1952-02-29,БоЯценк@live.com,280858906,266,2021-03-29,131,2021-09-08
132,Tola,Żbik,1959-04-05,ToŻbi@live.com,888092775,378,2021-03-31,132,2021-12-03
133,Corina,Holzapfel,1992-07-07,CoHolzap47@gmx.net,359562941,163,2021-04-02,133,2022-01-09
134,Sara,Swaczyna,1945-06-08,SaSwaczy98@wp.pl,186769727,597,2021-04-03,134,2021-06-25
135,Miłosz,Łabuś,1998-12-02,MiłosŁab6@o2.pl,889132298,109,2021-04-03,135,2021-05-21
136,Józef,Marko,1972-12-08,JóMa2@live.com,233697430,576,2021-04-04,136,2022-05-13
137,Юстина,Івасюк,1989-11-01,ЮсІв@mail.ru,628339950,342,2021-04-05,137,2022-09-03
138,Adrianna,Olearczyk,1945-08-13,AdOl@o2.pl,146472711,547,2021-04-05,138,2021-09-14
139,Lidia,Gmur,1972-01-06,LidiGm80@o2.pl,247505326,313,2021-04-06,139,2022-07-24
140,Tymon,Kott,1987-02-06,TymoKot90@gmail.com,409872623,287,2021-04-07,140,2021-10-06
141,Szymon,Barankiewicz,1979-01-04,SzymBaranki63@live.com,978704426,328,2021-04-09,141,2021-12-21
142,Kaja,Becker,1982-11-22,KajBeck47@o2.pl,224099968,211,2021-04-10,142,2021-08-09
143,Robert,Zdobylak,1950-05-15,RobeZd63@gmail.com,465448394,106,2021-04-10,143,2023-05-14
144,Leon,Kaziród,1955-07-15,LeKazi49@live.com,455903183,77,2021-04-12,144,2023-03-24
145,Paola,Otto,1969-11-21,PaOtt@web.de,982448807,338,2021-04-12,145,2022-08-10
146,Ernest,Kultys,2010-03-03,ErKult14@wp.pl,163037944,198,2021-04-13,146,2022-11-14
147,Przemysław,Drobniak,2000-01-23,PrzDrobni@wp.pl,580704201,372,2021-04-13,147,2022-08-09
148,Tymoteusz,Mironiuk,1958-10-31,TymoteMironi@live.com,441073472,182,2021-04-17,148,2022-06-07
149,Maciej,Pietrusiak,2009-01-19,MaciPietr13@gmail.com,550875561,323,2021-04-17,149,2022-03-01
150,Anita,Wacławczyk,1944-11-07,AnitWa28@gmail.com,261608005,420,2021-04-17,150,2023-03-03
151,Róża,Filiks,1977-07-14,RóFilik@o2.pl,913786868,23,2021-04-18,151,
152,Ignacy,Kazior,1994-12-31,IgnKa@live.com,491023674,550,2021-04-19,152,2022-08-08
153,Aniela,Reszke,1943-09-11,AnielRes48@live.com,601876199,174,2021-04-24,153,2021-09-21
154,Eryk,Gogol,1969-11-27,ErGo@gmail.com,704737411,252,2021-04-24,154,2022-08-04
155,William,Kade,1992-07-30,WilliKa69@gmail.com,568602163,337,2021-04-24,155,2022-03-27
156,Klara,Jaszcz,1951-02-06,KlaJaszc@o2.pl,979492849,340,2021-04-25,156,2021-11-08
157,Sebastian,Zimmer,1943-10-27,SebastiaZi@o2.pl,406525700,140,2021-04-25,157,2022-12-29
158,Гліб,Бараник,1977-04-24,ГліБаран@live.com,353391008,585,2021-04-26,158,2022-05-01
159,Guenther,Huhn,1952-05-31,GueHuh@web.de,452466401,88,2021-04-26,159,2021-11-26
160,Victor,Heydrich,2002-09-09,VictHeyd48@gmail.com,830654510,354,2021-04-26,160,2021-11-13
161,Juliusz,Frania,1945-08-12,JuFra27@wp.pl,713760754,10,2021-04-27,161,2023-03-27
162,Anita,Wylegała,1987-04-23,AniWy@o2.pl,494729580,263,2021-04-28,162,2022-07-08
163,Angelika,Domżał,1961-12-04,AngeliDomża27@o2.pl,432260366,530,2021-04-28,163,2022-08-08
164,Radomír,Štěpánek,1966-12-01,RadomíŠtělive.com,958879672,498,2021-04-29,164,2022-01-26
165,Julian,Dzienniak,2001-03-05,JuDzi@gmail.com,793988681,152,2021-04-29,165,2021-09-24
166,Ewa,Kalka,1972-03-13,EwKal69@live.com,374783046,173,2021-05-01,166,2022-11-27
167,Olga,Lula,1943-01-04,OlLul@gmail.com,471810286,404,2021-05-02,167,2021-12-20
168,Sebastian,Welenc,1950-06-29,SebWel@gmail.com,912236106,127,2021-05-03,168,2022-08-16
169,Aurelia,Glegoła,1942-12-30,AureGlegoł0@wp.pl,806600321,448,2021-05-04,169,2023-03-24
170,Błażej,Janczura,1991-11-02,BłaJa88@gmail.com,862578311,479,2021-05-04,170,2022-11-24
171,Diethelm,Döring,1966-10-13,DietDöri30@live.com,496958059,277,2021-05-07,171,2022-01-14
172,Robert,Łapacz,1964-01-12,RobeŁapac71@live.com,558531042,572,2021-05-08,172,2023-03-30
173,Irena,Králová,1950-07-13,IrenKr46@gmail.com,325205631,298,2021-05-08,173,2021-11-15
174,Konstanty,Pierchała,2000-11-22,KonstanPierchał55@o2.pl,835370073,11,2021-05-10,174,2022-03-29
175,Olga,Witaszek,1991-01-09,OlWita@gmail.com,921763040,494,2021-05-10,175,2021-10-22
176,Arkadiusz,Fuławka,1974-09-03,ArkadiusFuław59@o2.pl,705615849,401,2021-05-10,176,2022-01-08
177,Dorina,Harloff,1947-06-10,DorHar@gmx.net,291026641,39,2021-05-11,177,2022-10-18
178,Bartek,Godzwon,1956-04-05,BartGod@o2.pl,600152695,251,2021-05-12,178,2022-04-30
179,Stanisław,Penkala,1974-07-12,StanisłPenka91@gmail.com,500964041,397,2021-05-14,179,2022-02-04
180,Kornelia,Śleziak,1964-04-11,KorneŚlezia36@o2.pl,806849879,569,2021-05-14,180,2021-06-12
181,Marie-Therese,Beer,1970-06-29,MariBe@gmail.com,322962635,474,2021-05-15,181,2021-09-02
182,Оксана,Дашкевич,1971-06-21,ОксанДашкев@live.com,582021558,537,2021-05-15,182,2021-06-27
183,Inga,Pasztaleniec,1999-03-07,InPasztalenie88@gmail.com,561426829,213,2021-05-16,183,2023-03-05
184,Gaja,Strójwąs,1964-07-06,GajStrój@o2.pl,483863190,350,2021-05-16,184,2022-04-05
185,Kaja,Jaje,2007-08-20,KajJa@live.com,682432492,307,2021-05-17,185,2022-08-14
186,Irena,Růžičková,2001-06-23,IreRůlive.com,449596953,204,2021-05-17,186,2022-12-24
187,Ryszard,Kręcichwost,1998-02-11,RysKręc74@o2.pl,966173127,181,2021-05-18,187,2023-04-01
188,Ewa,Kott,1952-11-20,EwKo78@wp.pl,514262579,365,2021-05-18,188,2023-06-07
189,Nikola,Křížová,1964-07-08,NikKříž100@szn.cz,358639079,303,2021-05-18,189,2021-08-01
190,Krzysztof,Pysz,1971-06-30,KrzysztoPy@o2.pl,491110847,154,2021-05-18,190,2021-06-13
191,Kamil,Zachwieja,1944-08-13,KamiZachw@live.com,880949757,419,2021-05-19,191,2021-12-11
192,Pavla,Jandová,1974-08-08,PaJandov69@szn.cz,770583477,153,2021-05-20,192,2022-03-17
193,Antoni,Moryc,1969-05-31,AntMor50@wp.pl,284751556,469,2021-05-22,193,2023-06-13
194,Ekrem,Bohlander,1965-11-02,EkrBohlande74@gmx.net,513999550,533,2021-05-22,194,2022-01-16
195,Natasza,Toborek,2010-02-01,NatasTo91@wp.pl,290590315,261,2021-05-22,195,2022-10-24
196,Fabian,Fiedoruk,1951-06-14,FabFied32@gmail.com,743773842,80,2021-05-24,196,2022-08-23
197,Nicole,Turczyk,1982-03-01,NicoTurczy56@live.com,811981171,477,2021-05-25,197,2021-06-07
198,Владислав,Конопля,1994-07-29,ВладислаКон99@live.com,931560685,496,2021-05-25,198,2021-11-04
199,Dagmara,Dziechciarz,1996-07-11,DagmaDziechc82@live.com,363683547,427,2021-05-29,199,2022-03-31
200,Jakub,Banek,1965-12-05,JaBane@live.com,316171478,253,2021-05-30,200,2023-06-15
201,Sandra,Walocha,1981-09-07,SaWaloc68@wp.pl,783387898,424,2021-05-31,201,2021-09-16
202,Marcelina,Kopciuch,1953-08-30,MarceKo95@wp.pl,913633596,438,2021-06-01,202,2022-09-10
203,Ліза,Сіробаба,1945-06-05,ЛіСіробаб65@mail.ru,206475938,226,2021-06-01,203,2021-12-03
204,Jakub,Joszko,1988-01-23,JaJo27@gmail.com,133413490,312,2021-06-01,204,2022-09-27
205,Miloš,Růžička,1948-03-15,MilRůž0live.com,199603518,63,2021-06-02,205,2022-02-18
206,Marcelina,Brojek,1961-12-10,MarceliBroj58@wp.pl,343942053,89,2021-06-03,206,2021-08-09
207,Ада,Гаврилюк,1966-08-27,АдГав7@mail.ru,185483763,580,2021-06-04,207,2023-05-03
208,Stanisław,Pachnik,1958-06-26,StPachn@o2.pl,246961473,7,2021-06-04,208,2022-11-28
209,Mieszko,Klus,2005-07-23,MieszkKlu@gmail.com,585096056,582,2021-06-06,209,2022-08-19
210,Sara,Niećko,1972-09-28,SaNi60@live.com,996870478,12,2021-06-07,210,2021-12-04
211,Демид,Барабаш,1958-05-08,ДеБара@mail.ru,348311940,379,2021-06-08,211,2022-09-30
212,Bruno,Drewa,1965-07-12,BruDr96@o2.pl,435397529,164,2021-06-09,212,2021-12-30
213,Lili,Austermühle,1948-04-15,LiAuste9@gmail.com,639986572,428,2021-06-09,213,2022-09-20
214,Franciszek,Cofała,2005-10-17,FrCofał0@gmail.com,996857896,450,2021-06-10,214,2023-04-01
215,Ewa,Jaśkowiec,1974-08-02,EwJaśkowie@o2.pl,278362080,240,2021-06-11,215,2022-06-30
216,Nikodem,Dudkowiak,1945-04-01,NikodeDudk@live.com,773973638,242,2021-06-11,216,2021-08-11
217,Jerzy,Jarmuż,1963-07-15,JerJarmu@live.com,913488846,525,2021-06-11,217,2022-03-02
218,Antoni,Ciastek,1957-11-28,AntonCia@gmail.com,732730233,257,2021-06-13,218,2022-01-24
219,Ewa,Winnik,1974-10-11,EwWinni@wp.pl,123170724,139,2021-06-15,219,2023-05-30
220,Marcelina,Kędziorek,2001-05-05,MarKędzio15@o2.pl,752637385,408,2021-06-17,220,2021-08-07
221,Alex,Berek,1951-02-07,AlBe1@gmail.com,199144281,60,2021-06-18,221,2021-11-06
222,Robert,Procházka,2005-02-21,RobProcházk33@szn.cz,983240397,508,2021-06-18,222,2022-11-01
223,Sandra,Grotek,1983-03-04,SaGro@wp.pl,618435623,222,2021-06-18,223,2021-10-03
224,Пантелеймон,Дергач,1972-03-14,ПантелеймДерг@live.com,708230062,562,2021-06-19,224,2023-02-26
225,Вікторія,Рябченко,1957-01-27,ВіктоРябченк@mail.ru,413814478,295,2021-06-19,225,2023-04-22
226,Jeremi,Wydrych,2006-12-14,JeWydry59@live.com,731376977,254,2021-06-22,226,2022-09-05
227,Gustaw,Wochna,1956-04-12,GustaWoc91@o2.pl,756623370,499,2021-06-22,227,2022-06-23
228,Franciszek,Zyguła,1969-11-20,FrancisZy@o2.pl,829638658,596,2021-06-22,228,2021-10-27
229,Apolonia,Seidel,1976-06-30,ApoloniSeid73@live.com,695684813,64,2021-06-23,229,2022-07-15
230,Tola,Frycz,1971-04-20,ToFryc6@wp.pl,679932362,363,2021-06-27,230,2023-03-30
231,Malwina,Żynda,1992-01-21,MalŻynd@live.com,933323636,169,2021-06-29,231,2021-12-06
232,Karol,Kustosz,1948-11-21,KaKusto@gmail.com,284610165,411,2021-06-29,232,2021-08-17
233,Ярослава,Чередник,1992-03-05,ЯрославЧередн30@live.com,214882777,90,2021-07-01,233,2022-09-12
234,Mateusz,Strzoda,1949-02-11,MaStrzo@live.com,653456284,471,2021-07-01,234,2021-08-22
235,Krystyna,Wosiak,1989-02-04,KrystyWosi78@o2.pl,416553201,475,2021-07-01,235,2022-03-25
236,Bianka,Praczyk,1957-05-02,BiaPrac36@o2.pl,289574943,24,2021-07-03,236,2021-12-24
237,Леон,Павлик,1982-03-10,ЛеПав53@live.com,252983194,351,2021-07-05,237,2023-03-31
238,Eliza,Grabias,1949-10-10,EliGrabia@live.com,277493080,22,2021-07-05,238,2023-01-20
239,Tymoteusz,Siedlaczek,1984-05-04,TymotSied@gmail.com,652633609,219,2021-07-05,239,2021-09-20
240,Aurelia,Olchawa,1970-09-11,AurelOlch16@wp.pl,985476020,384,2021-07-08,240,2021-10-07
241,Krystyna,Wąsek,1945-11-24,KrWąse@wp.pl,635657552,119,2021-07-08,241,2022-05-29
242,Karina,Szajda,1963-12-25,KarSza@gmail.com,882500866,560,2021-07-09,242,2023-03-04
243,Leon,Lesiewicz,1967-05-10,LeoLesiewic6@wp.pl,174584643,531,2021-07-09,243,2023-05-03
244,Liwia,Pikula,1965-09-01,LiwiPiku49@gmail.com,733529827,521,2021-07-10,244,2022-02-22
245,Oliwier,Rzucidło,1997-04-25,OliwRz@live.com,266552380,142,2021-07-10,245,2021-11-15
246,Jędrzej,Kozubal,1998-03-31,JędrKoz5@gmail.com,695728265,107,2021-07-12,246,2021-07-23
247,Urszula,Wiech,1980-04-10,UrszuWie58@o2.pl,454884529,273,2021-07-13,247,2022-05-04
248,Ada,Sztuczka,1996-03-25,AdSztuczk@o2.pl,767601342,114,2021-07-18,248,2023-05-30
249,Angelika,Bąbol,2005-04-11,AnBą13@wp.pl,682376232,9,2021-07-18,249,2022-09-13
250,Cyprian,Kopij,1971-03-02,CypriaKo65@gmail.com,987865086,390,2021-07-18,250,2022-05-18
251,Robert,Grzelec,1956-05-11,RobGr14@live.com,338660470,573,2021-07-19,251,2021-10-09
252,Kornelia,Jenek,1956-02-09,KorneJe27@wp.pl,511497349,523,2021-07-19,252,2022-11-01
253,Dagmara,Gal,1968-03-13,DagmGa35@live.com,114407900,370,2021-07-21,253,2022-03-03
254,Fryderyk,Gałach,1974-03-18,FryderyGałac58@gmail.com,493068705,33,2021-07-22,254,2021-10-05
255,Пріска,Дейсун,1954-02-03,ПріскДейсу67@gmail.com,451383280,526,2021-07-22,255,2022-08-06
256,Kaja,Prucnal,1948-01-08,KaPrucna@live.com,971541839,20,2021-07-23,256,2022-06-20
257,Janina,Rurarz,1960-04-03,JanRura91@live.com,812647934,300,2021-07-23,257,2022-05-15
258,Sylwia,Dejneka,1964-07-06,SylwDe23@o2.pl,486302056,454,2021-07-24,258,2021-10-01
259,Olaf,Kałwak,1993-05-29,OlKałw58@live.com,316737662,51,2021-07-26,259,2021-09-17
260,Jacek,Gendera,1985-04-25,JaceGen47@gmail.com,435570881,367,2021-07-26,260,2022-10-07
261,Lidia,Duży,1969-05-03,LidDu40@gmail.com,938084793,598,2021-07-27,261,2023-04-10
262,Daniel,Sudnik,1944-08-31,DanSu81@o2.pl,559430034,54,2021-07-29,262,2023-01-05
263,Józef,Magryta,1984-11-13,JózMagry57@gmail.com,891144685,71,2021-07-31,263,2021-10-08
264,Анастасія,Єрченко,1982-12-12,АнастаЄрченк@mail.ru,955118256,69,2021-08-01,264,2021-09-18
265,Sonia,Korgul,1959-01-18,SoniKorgu100@wp.pl,448847485,290,2021-08-01,265,2022-10-07
266,Sonia,Kij,1985-11-05,SonKi26@gmail.com,370470141,583,2021-08-03,266,2022-05-27
267,Mikołaj,Iwańczyk,1952-11-30,MikoIwań@live.com,485454977,202,2021-08-04,267,2021-11-21
268,Milica,Wulff,1967-02-19,MilWulf53@live.com,908100561,549,2021-08-05,268,2022-04-15
269,Brit,Paffrath,1983-12-01,BrPaffra29@web.de,556651999,95,2021-08-05,269,2023-02-20
270,Adrianna,Klaja,1954-12-01,AdrKla@gmail.com,985716151,540,2021-08-08,270,2021-10-13
271,Friedrich,Jähn,1962-08-29,FrieJäh@web.de,979539539,4,2021-08-09,271,2021-09-28
272,Piotr,Dankiewicz,1998-08-11,PioDankiewic@o2.pl,921730326,532,2021-08-09,272,2021-08-30
273,Adrianna,Koćwin,1988-08-05,AdriannKoćw31@gmail.com,428458262,516,2021-08-10,273,2023-01-30
274,Stefan,Pośnik,2008-07-22,StePośn@wp.pl,361488160,599,2021-08-11,274,2021-10-11
275,Marcel,Wójs,1963-12-25,MarceWó16@gmail.com,799066265,333,2021-08-11,275,2022-04-23
276,Kamila,Kubrak,1999-06-29,KamilKubr11@live.com,659197330,535,2021-08-11,276,2021-08-26
277,Tola,Zagrajek,2002-02-21,ToZagr@live.com,746587380,500,2021-08-12,277,2022-03-04
278,Elżbieta,Bejger,1959-05-26,ElżbietBe@gmail.com,297415769,165,2021-08-13,278,2022-05-12
279,Romana,Rosenow,1948-10-19,RomRo1@gmx.net,724426976,120,2021-08-14,279,2022-11-02
280,Emil,Satora,1998-03-12,EmiSat@o2.pl,819067503,495,2021-08-16,280,2022-04-07
281,Roksana,Żbik,1974-10-11,RoŻb67@o2.pl,543188847,455,2021-08-17,281,2022-01-24
282,Nela,Frącz,1953-11-06,NeFrą@wp.pl,796750970,538,2021-08-17,282,2022-01-05
283,Julita,Chudoba,1990-01-10,JulChudo54@wp.pl,436168603,65,2021-08-18,283,2023-05-02
284,Tobiasz,Szlaga,2010-06-27,TobiaSzla84@live.com,826767079,528,2021-08-18,284,2022-12-23
285,Liwia,Tonder,1964-12-05,LiwTon45@wp.pl,933489195,141,2021-08-20,285,2023-06-02
286,Любов,Гайдамака,1989-09-07,ЛюбГа80@live.com,698212016,8,2021-08-26,286,2021-09-29
287,Julian,Bejger,1982-09-08,JuBejge@wp.pl,702271979,148,2021-08-26,287,2023-04-02
288,Vinzenz,Austermühle,2002-07-12,VinAu@live.com,720657543,417,2021-08-27,288,2021-09-05
289,Bartek,Usarek,2000-06-08,BartUsa@gmail.com,483530566,196,2021-08-28,289,2022-09-05
290,Alan,Kurz,1980-02-17,AlaKu24@wp.pl,185110388,228,2021-08-29,290,2022-07-12
291,René,Čermák,1953-01-11,ReČer@szn.cz,371222515,155,2021-08-31,291,2021-09-21
292,Stanisław,Oziębło,1949-01-01,StaOzię@o2.pl,952904332,285,2021-09-01,292,2022-02-27
293,Maks,Chwalisz,1995-08-14,MaChwal93@gmail.com,237415794,26,2021-09-02,293,2022-06-18
294,Urszula,Klama,1969-05-24,UrsKla@wp.pl,371587959,168,2021-09-04,294,2023-03-03
295,Ada,Jarmuż,1979-01-24,AdJa77@wp.pl,520033895,76,2021-09-04,295,2021-10-25
296,Malwina,Łuszczak,1945-04-29,MalwinŁus41@live.com,808918775,353,2021-09-06,296,2021-12-18
297,Sara,Maćków,1945-07-23,SarMa@wp.pl,371345428,235,2021-09-07,297,2023-03-11
298,Maks,Czapiga,1968-10-02,MakCzap6@gmail.com,615044381,593,2021-09-07,298,2021-12-03
299,Dorota,Drobik,2003-03-03,DoroDrobi99@o2.pl,289134723,161,2021-09-08,299,2022-12-12
300,Eryk,Wąsala,1979-02-18,EryWąsa@live.com,978353475,364,2021-09-09,300,2022-01-21
301,Дарина,Тесленко,1979-03-09,ДаринТе20@gmail.com,480747763,14,2021-09-10,301,2022-04-08
302,Ida,Lempart,1960-07-01,IdLem@live.com,835450338,571,2021-09-10,302,2022-05-21
303,Ada,Capiga,1989-05-18,AdCapi@wp.pl,633346062,325,2021-09-11,303,2022-10-07
304,Wojciech,Domurad,1972-10-15,WojcieDo74@wp.pl,540970327,315,2021-09-12,304,2022-11-30
305,Kalina,Kaluga,1993-10-24,KalinKa@live.com,642238554,3,2021-09-15,305,2022-09-26
306,Malwina,Tabisz,1970-01-08,MalwTab@gmail.com,187748920,430,2021-09-15,306,2022-01-29
307,Rochus,Renner,1955-04-12,RocRe67@gmail.com,477795293,217,2021-09-15,307,2022-03-13
308,Šimon,Kučera,1959-04-28,ŠiKuče@gmail.com,405964463,425,2021-09-17,308,2022-07-16
309,Dagmara,Bulanda,1961-06-01,DagmarBuland@o2.pl,235476611,85,2021-09-18,309,2022-06-16
310,Angelika,Froń,1980-09-08,AngeliFr100@live.com,555710562,302,2021-09-20,310,2022-03-04
311,Kajetan,Gołoś,1964-07-03,KajGo4@live.com,830798467,197,2021-09-23,311,2023-03-15
312,Doris,Hamann,1990-08-22,DorHam@live.com,845280990,271,2021-09-24,312,2022-03-16
313,Roksana,Glaza,1990-01-07,RoksGla@live.com,959402101,429,2021-09-24,313,2021-11-23
314,Malgorzata,Bauer,1960-09-04,MalgorzatBau@gmail.com,928180480,382,2021-09-25,314,2023-01-02
315,Anita,Gradek,1943-04-04,AnitGra@live.com,157217224,136,2021-09-29,315,2021-10-15
316,Szymon,Mieszała,1991-04-16,SzyMiesza@o2.pl,877714917,306,2021-09-29,316,2022-03-17
317,Monika,Myszak,1982-08-30,MoMysza27@o2.pl,450597742,462,2021-09-29,317,2021-11-29
318,Szymon,Marko,1983-07-29,SzymMark@live.com,159864534,380,2021-09-30,318,2023-03-15
319,Marcelina,Świerszcz,1984-04-23,MaŚwi9@live.com,877521134,377,2021-10-02,319,2022-06-26
320,Maciej,Lepak,1965-04-09,MacieLepa72@wp.pl,827730041,320,2021-10-03,320,
321,Arkadiusz,Gramza,1977-12-30,ArkadiuGra@gmail.com,744238141,86,2021-10-04,321,2022-07-10
322,Antoni,Gradek,1997-07-03,AnGr21@wp.pl,232565870,47,2021-10-06,322,2022-09-09
323,Antonios,Tschentscher,1974-09-18,AnTsch@web.de,761910413,559,2021-10-07,323,2022-03-31
324,Ignacy,Lempart,1963-07-13,IgnLemp92@o2.pl,867115426,396,2021-10-07,324,2023-02-24
325,Daniel,Szyjka,2003-12-22,DaSzyjk@live.com,828009998,227,2021-10-08,325,2023-02-12
326,Cyprian,Sanetra,1955-04-04,CypriaSane34@live.com,497070510,13,2021-10-10,326,2022-12-21
327,Melania,Breś,1990-01-20,MelaBre43@wp.pl,393232344,201,2021-10-11,327,2022-07-08
328,Едита,Чарниш,1988-01-23,ЕдиЧа68@gmail.com,878150841,172,2021-10-11,328,2022-04-08
329,Kevin,Haering,1964-01-23,KeviHaerin@web.de,393996375,349,2021-10-12,329,2021-12-22
330,Róża,Dynia,1977-12-09,RóDy54@live.com,367486133,137,2021-10-13,330,2022-08-02
331,Eliza,Mandrysz,1990-12-17,EliMa@o2.pl,327785604,478,2021-10-13,331,2022-03-04
332,Ksawery,Maciocha,1968-06-24,KsaweMaci0@gmail.com,808911558,133,2021-10-16,332,2023-04-06
333,Григорій,Гайда,1976-03-09,ГригорГайд50@live.com,941503819,206,2021-10-17,333,2023-01-17
334,Sandra,Broniek,2005-09-14,SaBr99@wp.pl,401283939,487,2021-10-19,334,2023-01-31
335,Anita,Chojna,1962-03-31,AnCho78@live.com,500806916,16,2021-10-21,335,2022-11-25
336,Ewa,Hejna,1991-05-02,EwHe@gmail.com,203570000,292,2021-10-22,336,2022-01-12
337,Dominik,Majorek,1945-12-14,DominiMajo91@live.com,855395776,30,2021-10-22,337,2022-07-29
338,Adam,Kulus,1972-04-09,AdKu@wp.pl,256200924,527,2021-10-22,338,2022-07-26
339,Ігор,Юрчишин,1988-02-25,ІгЮрчиш@gmail.com,218863705,418,2021-10-22,339,2022-01-16
340,Liwia,Obuchowicz,1974-07-08,LiwObuchowic@wp.pl,155456439,48,2021-10-27,340,2023-01-17
341,Eliza,Bogdał,2000-02-08,EliBogd14@live.com,465798901,214,2021-10-28,341,2022-05-25
342,Zdeněk,Kolář,1991-09-11,ZdenKolá@gmail.com,227265234,575,2021-10-28,342,2022-09-18
343,Štěpánka,Krejčová,1967-06-03,ŠtěpánKrej75@szn.cz,909727741,445,2021-10-29,343,2022-07-23
344,Elisa,Rohleder,1946-08-23,ElRohl10@gmail.com,801471348,255,2021-10-29,344,2022-07-17
345,Justyna,Capała,1992-11-24,JustyCapa@gmail.com,572195331,470,2021-10-29,345,2023-04-30
346,Nicole,Wons,1984-01-25,NicoWo42@live.com,173755890,128,2021-10-30,346,2022-11-08
347,Julian,Węgrzyk,1954-04-18,JuliaWę60@wp.pl,934753286,518,2021-10-31,347,2022-01-17
348,Liwia,Zieja,2008-10-15,LiwZie@o2.pl,655201524,192,2021-11-01,348,2023-02-06
349,Stanisław,Kandziora,1987-02-11,StanisłaKandzior20@o2.pl,978150083,267,2021-11-01,349,2022-05-09
350,Ernest,Luberda,1996-03-22,ErneLub73@wp.pl,787316530,110,2021-11-03,350,2022-09-12
351,Borys,Zawal,1966-06-04,BoZaw42@wp.pl,491391188,166,2021-11-05,351,2022-03-07
352,Ksawery,Hałat,1951-09-05,KsaweHał5@gmail.com,819093212,348,2021-11-06,352,2022-08-10
353,Daniel,Ratka,1983-11-14,DanRatk34@wp.pl,577112427,322,2021-11-06,353,2022-03-20
354,Alan,Kieca,1966-02-03,AlKi@live.com,615155154,586,2021-11-06,354,2022-01-29
355,Степан,Фартушняк,1991-09-13,СтеФарту@gmail.com,869035428,233,2021-11-08,355,2022-12-07
356,Gottfried,Oderwald,1943-04-07,GottfriOderw14@gmx.net,103191036,78,2021-11-08,356,2023-04-27
357,Lilija,Mitschke,1965-08-06,LiMits44@live.com,783611369,268,2021-11-10,357,2022-10-28
358,Olgierd,Waloch,1945-12-03,OlgiWal23@wp.pl,974159916,44,2021-11-11,358,2021-12-03
359,Apolonia,Kruzel,1984-02-09,ApolonKruze24@live.com,374850552,536,2021-11-12,359,2022-10-04
360,Nataniel,Sykut,1967-07-12,NaSyku26@live.com,137793582,545,2021-11-12,360,2022-03-21
361,Łukasz,Cymbała,1989-04-09,ŁuCymb63@wp.pl,669853446,488,2021-11-16,361,2022-07-13
362,Przemysław,Straszak,2009-11-30,PrzeStras30@wp.pl,234769166,561,2021-11-18,362,
363,Rosemarie,Dobes,2003-11-09,RosDo@gmail.com,590430648,514,2021-11-22,363,2023-02-16
364,Dominik,Bereda,1981-03-07,DoBer@live.com,350201777,409,2021-11-24,364,2022-09-25
365,Piotr,Fojt,2006-03-14,PiFo92@wp.pl,569913145,557,2021-11-25,365,2022-03-29
366,Kalina,Białczyk,1970-02-23,KaBi86@wp.pl,592766872,37,2021-11-26,366,2023-04-27
367,Святослав,Верес,2002-05-21,СвВере@gmail.com,730804465,184,2021-11-27,367,2022-12-15
368,Marcin,Luberda,1977-04-05,MarciLub@live.com,920147576,460,2021-11-27,368,2023-03-03
369,Aurelia,Gadzina,1989-04-27,AurelGadzi@gmail.com,613129924,512,2021-11-27,369,2023-06-11
370,Igor,Pikor,1944-09-28,IgPiko@live.com,588745859,250,2021-11-27,370,2023-04-05
371,Зорян,Дубенко,2002-04-20,ЗоДу48@gmail.com,145994171,489,2021-11-28,371,
372,Rozalia,Tryc,1972-03-21,RozaTry14@live.com,503215444,87,2021-11-28,372,2023-03-28
373,Maksymilian,Sykut,1994-02-27,MakSyku@o2.pl,871175179,511,2021-11-28,373,2022-10-19
374,Rozalia,Sobieszczyk,1976-07-11,RozalSobieszcz14@o2.pl,388127069,145,2021-11-28,374,2022-07-04
375,Юстина,Верес,1964-09-12,ЮстиВер47@mail.ru,158120567,546,2021-11-28,375,2022-02-01
376,Bartek,Grzech,1957-11-19,BaGrze@gmail.com,100375141,519,2021-12-02,376,2022-11-21
377,Jeremi,Duszkiewicz,1992-10-25,JeremDuszki98@live.com,619053681,311,2021-12-02,377,2022-08-15
378,Василь,Карась,1964-08-15,ВасилКа@mail.ru,340693458,276,2021-12-03,378,2022-07-07
379,Iwo,Borkiewicz,1945-08-20,IwBorki62@live.com,794449904,244,2021-12-04,379,2021-12-17
380,Apolonia,Danilczuk,1990-08-31,ApolonDanilcz@o2.pl,165490615,207,2021-12-07,380,2022-02-28
381,Пармен,Верхола,2000-08-08,ПармеВе4@live.com,763254022,309,2021-12-08,381,2023-01-02
382,Софія,Корпанюк,1989-03-12,СоКор2@live.com,210258191,542,2021-12-08,382,2023-02-13
383,Olgierd,Knieć,1995-09-06,OlKni13@wp.pl,814762745,449,2021-12-08,383,2022-08-29
384,Karina,Kandziora,1960-12-31,KariKandz100@live.com,553677219,283,2021-12-09,384,2023-04-27
385,Sara,Bugiel,1971-07-19,SaBu59@wp.pl,122058839,399,2021-12-12,385,
386,Gaja,Steuer,1960-04-20,GajSteue46@wp.pl,970858628,368,2021-12-12,386,2022-04-21
387,Borys,Łupina,2002-07-01,BorŁupi@wp.pl,963553739,260,2021-12-14,387,2023-02-26
388,Jerzy,Berus,1985-07-10,JeBe96@gmail.com,793347507,413,2021-12-15,388,2022-03-31
389,Jerzy,Piotrkowicz,1963-10-31,JerzPiotrkowi@gmail.com,203572384,84,2021-12-15,389,2022-03-25
390,Natan,Sinkiewicz,1946-05-11,NatSinkiew54@o2.pl,922552127,383,2021-12-17,390,2022-06-06
391,Malwina,Cydzik,1975-04-19,MalwinCyd33@gmail.com,581430596,395,2021-12-17,391,2023-05-21
392,Ryszard,Jośko,1946-04-21,RyszJoś@o2.pl,242695287,341,2021-12-18,392,
393,Ksawery,Wawrzeńczyk,1944-08-14,KsaWa49@wp.pl,654252398,330,2021-12-18,393,2023-05-27
394,Tadeusz,Kupidura,1956-12-18,TadeKup@o2.pl,642528892,388,2021-12-20,394,2022-04-29
395,Liwia,Nastaj,1955-04-13,LiwNast@o2.pl,529442828,344,2021-12-20,395,2022-01-08
396,Sonia,Świerszcz,1967-08-28,SoniŚwie@wp.pl,153554431,159,2021-12-21,396,2022-09-12
397,Arkadiusz,Strzępek,1963-11-18,ArkadStrzępe77@live.com,543370662,105,2021-12-22,397,2022-04-07
398,Олесь,Коваленко,1998-12-17,ОлесКоваленк13@gmail.com,774610844,581,2021-12-23,398,2022-05-09
399,Marika,Śnieg,2009-09-12,MarŚn@wp.pl,479743606,256,2021-12-24,399,2022-06-18
400,Maciej,Kamieniarz,1961-10-15,MacieKam@wp.pl,186842195,510,2021-12-26,400,2023-02-06
401,Artur,Ernst,1993-02-26,ArtErns55@live.com,180992531,407,2021-12-27,401,2022-07-16
402,Jeremi,Tylka,1949-12-02,JeTylk@wp.pl,634774287,134,2021-12-27,402,2023-04-16
403,Marianna,Połom,1962-12-06,MarPoło87@o2.pl,550842900,104,2021-12-28,403,2022-10-07
404,Kornel,Chalimoniuk,1950-11-30,KorCha81@wp.pl,637196693,373,2022-01-03,404,2022-09-10
405,Nicole,Tarach,2001-12-16,NicoTarac9@gmail.com,508778307,289,2022-01-03,405,2023-04-16
406,Kaja,Sobolak,1996-04-11,KajSob@o2.pl,880817498,118,2022-01-05,406,2023-02-23
407,Гордій,Олійник,2004-09-03,ГордіОлі49@mail.ru,576194894,187,2022-01-05,407,2022-05-18
408,Petra,Sedláčková,1991-11-24,PetSedl85live.com,641583436,130,2022-01-05,408,2022-12-26
409,Cezary,Rok,2002-08-23,CezarRo23@live.com,840924113,41,2022-01-07,409,2023-05-05
410,Julita,Kierepka,1953-12-17,JuKi@gmail.com,152255906,544,2022-01-12,410,2023-05-10
411,Kornelia,Wawrzynek,1959-04-15,KorWawr@wp.pl,715506447,574,2022-01-14,411,2023-01-30
412,Antoni,Czerner,1958-02-18,AntCzerne46@o2.pl,559496082,296,2022-01-15,412,2023-04-14
413,Maksymilian,Konat,1948-01-06,MaksymiliKona21@live.com,680147913,34,2022-01-17,413,2022-12-07
414,Ада,Хомик,1979-09-16,АдХо79@gmail.com,136309321,381,2022-01-20,414,2022-06-16
415,Kalina,Nałęcz,1951-02-15,KaNa@gmail.com,298611841,592,2022-01-20,415,2022-10-11
416,Tadeusz,Puto,1953-05-23,TadeusPu75@wp.pl,106969095,108,2022-01-20,416,2023-01-15
417,Grzegorz,Sarota,1947-12-01,GrSa0@gmail.com,305096818,175,2022-01-23,417,2022-12-09
418,Urszula,Świętoń,1965-05-24,UrszulŚwię@gmail.com,442658863,588,2022-01-25,418,2022-03-12
419,Wiktor,Maras,1988-12-30,WiMara@live.com,108860711,565,2022-01-27,419,2023-05-05
420,Alice,Nováková,1952-02-16,AlicNo@gmail.com,431088144,297,2022-01-27,420,2023-02-19
421,Wolf-Dieter,Wieloch,1968-09-09,WolfWi24@live.com,717200538,393,2022-01-27,421,2022-09-17
422,Blanka,Szkatuła,1959-05-09,BlankSzk82@gmail.com,115833989,332,2022-01-27,422,2022-10-04
423,Jakub,Waleczek,2005-12-24,JakWalec@o2.pl,361261413,21,2022-01-27,423,2023-01-06
424,Ignacy,Sabak,2008-12-23,IgSa15@o2.pl,406144125,138,2022-01-27,424,2023-02-23
425,Friedemann,Caspar,2000-08-12,FriedemCa@gmx.net,184839522,82,2022-01-28,425,2022-08-23
426,Oskar,Fabiszak,1972-09-19,OskFabi12@o2.pl,261910396,258,2022-01-28,426,2022-10-24
427,Julian,Gryszkiewicz,1945-09-01,JuliaGryszk@wp.pl,460898924,62,2022-01-28,427,2022-05-24
428,Borys,Fronia,1946-07-26,BoryFr68@wp.pl,509246635,122,2022-01-30,428,2023-04-12
429,Marianna,Bek,1988-12-25,MaBe87@wp.pl,708659358,70,2022-02-01,429,2022-10-31
430,Juliusz,Zgoła,1984-10-29,JuZgo@o2.pl,226904371,245,2022-02-01,430,2022-02-19
431,Natasza,Przeniosło,1957-07-26,NatasPrzeniosł21@o2.pl,686829089,32,2022-02-02,431,2023-02-21
432,Bianka,Mendyka,1974-01-22,BianMen@wp.pl,653245648,150,2022-02-03,432,2022-11-13
433,Nela,Kolanek,1954-06-25,NeKo@gmail.com,248790196,321,2022-02-03,433,2022-09-03
434,Ivo,Vaněk,2005-01-03,IvVa6live.com,165348359,59,2022-02-03,434,2022-05-29
435,Nicole,Osojca,1998-04-18,NicOso@live.com,541525376,205,2022-02-04,435,2023-06-08
436,Julita,Lang,1976-10-03,JulitLan99@o2.pl,778423348,111,2022-02-07,436,2022-12-09
437,Emil,Patoła,1943-02-03,EmiPato31@gmail.com,567988712,491,2022-02-07,437,2022-02-24
438,Eduard,Krejčí,1950-12-18,EduKrejčlive.com,317818982,485,2022-02-07,438,2023-04-04
439,Elżbieta,Rembisz,1963-04-19,ElżbieRemb49@o2.pl,540938323,327,2022-02-07,439,2022-10-09
440,Arkadiusz,Kołtuniak,1944-08-21,ArkadKoł45@wp.pl,156879180,97,2022-02-08,440,2022-04-30
441,Nela,Pikor,2007-08-06,NelPiko@o2.pl,584765255,443,2022-02-11,441,2022-12-25
442,Leonard,Witko,2004-01-10,LeoWitk@wp.pl,187918439,391,2022-02-12,442,2023-04-09
443,Dagmara,Drewnik,1987-06-16,DagmDre27@gmail.com,710183638,249,2022-02-16,443,2022-03-11
444,Тереза,Удовенко,1975-06-21,ТереУдовен@mail.ru,388454624,294,2022-02-17,444,2023-06-04
445,Róża,Wiertelak,1973-12-01,RóżWiertela@wp.pl,809826284,347,2022-02-20,445,2023-06-08
446,Inga,Kośnik,2006-12-18,InKośni71@gmail.com,837294521,179,2022-02-20,446,2022-08-01
447,Angelika,Such,1962-01-08,AngelikSuc7@gmail.com,129741609,345,2022-02-20,447,2022-11-15
448,Julianna,Lukas,1963-08-17,JuliannLu98@live.com,893828509,36,2022-02-24,448,2022-06-02
449,Adrianna,Piaseczna,1961-04-26,AdriPiase@gmail.com,806197646,492,2022-02-25,449,2023-04-18
450,Anita,Szafarz,1983-12-12,AnitSzafa@gmail.com,412749908,482,2022-02-26,450,2022-10-31
451,Aniela,Obiała,1966-05-09,AniOb@wp.pl,823878458,442,2022-02-26,451,2022-06-19
452,Michał,Winek,1944-04-01,MiWin@wp.pl,188133860,579,2022-02-28,452,2022-06-10
453,Nicole,Kozień,1977-06-25,NicolKozi1@o2.pl,695221933,112,2022-03-06,453,2023-05-08
454,Urszula,Sycz,1954-01-20,UrszulSy@o2.pl,253620622,53,2022-03-07,454,2022-06-13
455,Maciej,Wołoszyk,2004-03-08,MacieWoł63@gmail.com,134841713,209,2022-03-08,455,2023-05-18
456,Krystyna,Leżoń,1968-11-12,KryLe@o2.pl,504942618,58,2022-03-09,456,2022-05-01
457,Bianka,Nojman,1977-10-13,BiankNojma@wp.pl,528923853,431,2022-03-10,457,2022-07-21
458,Wojciech,Wochna,1947-01-31,WoWo@gmail.com,420357278,229,2022-03-15,458,2022-09-22
459,Lidia,Piekacz,1981-05-21,LiPieka@o2.pl,915026714,147,2022-03-16,459,2022-05-14
460,Ростислав,Бабиченко,1986-09-30,РостислаБабич45@mail.ru,456202363,264,2022-03-16,460,2023-04-18
461,Dawid,Nijak,1976-07-09,DawiNija24@o2.pl,772923307,513,2022-03-17,461,2022-08-04
462,Dominik,Boguta,1953-11-09,DoBogu20@o2.pl,884359728,160,2022-03-20,462,2022-06-11
463,Cezary,Prasek,1961-01-07,CezPrase5@gmail.com,504584050,75,2022-03-23,463,2022-07-09
464,Aleksander,Szałata,1981-12-28,AleksSzałat26@o2.pl,371131706,552,2022-03-23,464,2023-01-02
465,Maks,Lew,1946-04-05,MakLe85@wp.pl,439019876,467,2022-03-31,465,2023-02-24
466,Sonia,Letkiewicz,1942-06-30,SoLetk22@live.com,491408852,329,2022-04-08,466,2022-10-10
467,Ewa,Krauz,1996-02-27,EwKr@gmail.com,206791744,434,2022-04-09,467,2022-10-02
468,Пріска,Ірванець,1982-04-05,ПріскІрванец@gmail.com,581123038,472,2022-04-14,468,2022-08-19
469,Dawid,Wereda,1976-04-12,DaWered@wp.pl,991834509,394,2022-04-15,469,2022-07-16
470,Марко,Заїка,1966-10-14,МаркЗа@gmail.com,554068753,308,2022-04-19,470,
471,Piotr,Krauza,1983-08-01,PiKra20@o2.pl,221944931,176,2022-04-20,471,2022-12-28
472,Przemysław,Nazar,2009-06-21,PrzemysNaza@o2.pl,946718479,73,2022-04-20,472,2022-11-23
473,Едита,Міщенко,1984-01-12,ЕдиМіщ2@live.com,578063529,355,2022-04-21,473,2022-06-30
474,Венедикт,Чумаченко,1989-05-19,ВеЧум89@gmail.com,851273392,190,2022-04-25,474,2022-11-28
475,Aniela,Bernatowicz,1970-06-17,AnieBernatowi@gmail.com,297989481,100,2022-04-26,475,2022-06-20
476,Łukasz,Sasak,2006-06-29,ŁukasSasa47@live.com,759843793,293,2022-04-26,476,2023-05-13
477,Leo,Jüttner,1981-03-26,LeJü53@web.de,219599918,563,2022-04-26,477,2022-07-22
478,Cyprian,Kucab,1989-01-06,CypriaKuc@o2.pl,978009295,299,2022-04-27,478,2022-09-17
479,Uwe,Hering,1969-06-10,UwHer@web.de,876362089,270,2022-04-27,479,2023-01-27
480,Anita,Sznura,1981-03-23,AniSzn55@wp.pl,731303652,132,2022-04-28,480,2023-02-06
481,Krystian,Drobisz,2004-04-08,KrystiDrobis@wp.pl,252885591,180,2022-04-29,481,2022-10-11
482,Клавдія,Єщенко,2001-03-12,КлавдЄще@mail.ru,150155699,507,2022-04-30,482,2023-04-16
483,Юхим,Скопенко,1971-04-16,ЮхСкопе47@gmail.com,882881418,171,2022-04-30,483,2022-07-30
484,Альберт,Колісниченко,1985-05-06,АльбеКоліснич@mail.ru,862132897,451,2022-04-30,484,2023-06-13
485,Mariusz,Lewko,1960-09-13,MariuLe@o2.pl,587630082,124,2022-05-01,485,2022-10-17
486,Borys,Minkiewicz,2001-08-20,BoMin83@wp.pl,970248585,52,2022-05-01,486,2022-12-11
487,Stanisław,Gryta,1955-05-09,StaniGryt@wp.pl,112496546,441,2022-05-08,487,2022-10-21
488,Gabriel,Wolff,1966-12-04,GabWol21@wp.pl,610482111,539,2022-05-10,488,2023-01-25
489,Leonard,Galuba,1986-06-28,LeGa41@live.com,827309302,405,2022-05-11,489,2022-07-11
490,Франц,Полтавець,1997-08-11,ФрПолтавец4@live.com,422194420,456,2022-05-11,490,2023-04-17
491,Kaja,Jagiełka,1969-04-02,KaJa21@wp.pl,841430647,389,2022-05-12,491,2022-11-12
492,Igor,Wójs,1952-05-22,IgoWó69@o2.pl,970429994,480,2022-05-14,492,2022-12-14
493,Вікторія,Колодуб,2000-02-23,ВіктКолод@mail.ru,407135991,91,2022-05-17,493,2023-06-15
494,Марія,Рева,1980-11-04,МарРев69@live.com,520047868,50,2022-05-19,494,
495,Holger,Flantz,1963-11-02,HolFla71@gmx.net,237354042,195,2022-05-24,495,2022-08-29
496,Erdogan,Wagenknecht,1982-10-27,ErdWagenkne@live.com,812022746,554,2022-05-27,496,2022-07-30
497,Nataniel,Pielech,1953-08-13,NatanPiele4@live.com,847960700,81,2022-05-27,497,2023-04-27
498,Alex,Białk,1978-06-10,AleBiał88@gmail.com,402228826,83,2022-05-27,498,2023-03-19
499,Ladislava,Beranová,1997-08-22,LadislaBera91live.com,245215804,259,2022-05-28,499,2023-05-24
500,Ірена,Теличенко,1989-03-31,ІреТелич16@mail.ru,568188102,156,2022-05-28,500,2022-12-30
501,Gaja,Tecław,1951-08-28,GajTe@live.com,491634228,317,2022-05-29,501,2023-04-07
502,Kamil,Cuch,1977-08-08,KamiCu@o2.pl,921830681,56,2022-05-30,502,2022-10-12
503,Єва,Романець,2008-03-18,ЄвРома@gmail.com,639692318,558,2022-05-31,503,2023-01-12
504,Nikodem,Kryszkiewicz,1975-06-04,NikodKry@live.com,646783461,282,2022-05-31,504,2023-03-11
505,Damian,Andruszko,1985-05-25,DamiAndrus73@gmail.com,605099125,414,2022-06-01,505,2023-04-28
506,Krystyna,Bany,1979-04-16,KrystBan46@wp.pl,901338470,92,2022-06-02,506,2022-08-26
507,Лариса,Колесниченко,1993-05-25,ЛарисКолесн1@gmail.com,576663862,96,2022-06-02,507,2023-04-08
508,Adam,Konat,1945-09-23,AdaKon30@wp.pl,220399890,416,2022-06-04,508,2023-05-01
509,Marcel,Dušek,1956-06-30,MaDuš76@gmail.com,617992124,131,2022-06-09,509,2022-06-22
510,Rozalia,Smardz,2005-02-01,RozSm@wp.pl,194470119,366,2022-06-10,510,2022-08-25
511,Bartek,Heczko,1984-08-30,BarHe31@gmail.com,764357581,79,2022-06-12,511,2022-11-06
512,Rafał,Wyrostek,1988-04-20,RaWyros@wp.pl,380776578,143,2022-06-17,512,2023-01-01
513,Dominik,Miros,1943-05-14,DomMiro@gmail.com,368751080,284,2022-06-20,513,2022-09-18
514,Angelina,Hering,1951-03-15,AnHer@live.com,919181223,102,2022-06-22,514,2023-02-27
515,Kaja,Majzner,2006-01-02,KajMaj@live.com,929812757,126,2022-06-25,515,2022-10-18
516,Mateusz,Lewek,1956-10-07,MaLewe1@live.com,438756960,476,2022-06-28,516,2022-10-05
517,Орхип,Гузій,1978-02-16,ОрхиГузі@live.com,653005674,49,2022-06-30,517,2022-12-10
518,Harald,Zänker,1945-03-25,HaZän@gmail.com,239343792,101,2022-06-30,518,2023-05-27
519,Ida,Chomiuk,1956-07-27,IdChom43@live.com,616004650,158,2022-07-04,519,2023-02-18
520,Olga,Fronczyk,1951-07-10,OlFroncz88@o2.pl,242561158,45,2022-07-07,520,2022-10-15
521,Erhard,Bloch,1946-12-05,ErhaBlo@live.com,159260729,392,2022-07-17,521,2023-05-20
522,Eliza,Linek,1966-11-01,ElizLi21@gmail.com,258834284,301,2022-07-19,522,
523,Світлана,Литвин,1974-04-25,СвітлаЛи76@live.com,963829976,578,2022-07-19,523,2023-05-18
524,Dominik,Chodak,1991-03-01,DominCho60@o2.pl,443992933,248,2022-07-22,524,2023-05-13
525,Sara,Tomzik,2001-10-26,SaTom14@wp.pl,647245177,358,2022-07-23,525,2022-10-02
526,Alexandros,Söding,1950-12-03,AlexandrSö2@live.com,493841357,481,2022-07-26,526,2022-12-03
527,Stefan,Korkosz,1967-01-08,StefKo89@o2.pl,415770643,484,2022-07-27,527,2023-05-06
528,Jędrzej,Boba,1986-01-05,JędrzBob46@o2.pl,313808937,486,2022-07-30,528,
529,Kamila,Smagała,1954-05-26,KamSma3@gmail.com,946925223,509,2022-08-02,529,2023-01-08
530,Norbert,Doroz,1946-03-20,NoDoro94@gmail.com,365063224,356,2022-08-04,530,2022-11-14
531,Marcelina,Krzywonos,1969-03-02,MarcKrzy1@gmail.com,329891085,203,2022-08-06,531,2023-03-23
532,Hubert,Pioch,2009-09-25,HuberPioc89@gmail.com,918850901,339,2022-08-11,532,
533,Arnulf,Ziegert,1964-10-20,ArnulZieger24@gmx.net,272573215,28,2022-08-13,533,2023-03-20
534,Jerzy,Jędrasiak,1949-10-29,JerzJędrasi70@live.com,219086437,72,2022-08-14,534,2022-12-15
535,Tadeusz,Twardzik,1949-01-02,TadeusTward29@live.com,958617206,590,2022-08-14,535,2022-10-31
536,Bruno,Wołk,1996-10-06,BrWoł35@gmail.com,901912867,18,2022-08-14,536,
537,Kateřina,Černá,1969-05-10,KateřiČer@gmail.com,839179518,243,2022-08-17,537,2023-03-20
538,Демид,Ємець,1987-06-18,ДемиЄмец51@live.com,445429222,352,2022-08-23,538,2022-10-03
539,Kornelia,Jewuła,1945-01-09,KornelJew88@wp.pl,471078008,1,2022-08-23,539,2023-01-14
540,Damian,Milka,1961-04-22,DamiaMilk3@gmail.com,325274693,280,2022-08-30,540,2023-03-05
541,Оксенія,Терещенко,1945-10-14,ОксеніТерещенк@gmail.com,707356990,6,2022-08-30,541,2023-04-26
542,Ernest,Mandrysz,1960-07-26,ErneMan92@o2.pl,768823154,117,2022-09-01,542,2022-11-30
543,Ida,Jachna,1973-04-11,IdJach@gmail.com,773772775,305,2022-09-02,543,2023-06-05
544,Iwo,Janasz,1968-02-25,IwJa85@gmail.com,704273788,386,2022-09-03,544,2022-10-26
545,Urszula,Hejduk,1977-07-23,UrHejd5@o2.pl,479711594,224,2022-09-07,545,2023-01-17
546,Nela,Jessa,1954-04-10,NeJes43@wp.pl,199131221,346,2022-09-09,546,
547,Renata,Vlčková,1970-10-24,ReVlčkov26@gmail.com,823904995,43,2022-09-19,547,
548,Marek,Łachacz,1943-03-05,MareŁach@wp.pl,562291638,278,2022-09-20,548,
549,Дмитро,Гуцуляк,1998-12-04,ДмитрГу97@gmail.com,340605768,564,2022-09-21,549,2022-10-29
550,Nicole,Grabara,1991-07-11,NiGraba78@o2.pl,454581355,490,2022-09-21,550,2022-11-01
551,Mehdi,Scheibe,1996-01-07,MehdScheib6@gmx.net,419360132,40,2022-09-22,551,2023-04-03
552,Jurij,Jacob,2002-12-07,JuriJac@web.de,559051235,316,2022-09-26,552,
553,Dominik,Pytko,1942-07-27,DominiPyt94@o2.pl,318750758,446,2022-09-30,553,
554,Tola,Kiszczak,1974-04-18,TolKi@live.com,777088181,275,2022-10-03,554,2023-01-22
555,Венедикт,Калениченко,1996-03-08,ВенКаленич62@mail.ru,922392189,25,2022-10-08,555,
556,Єва,Шило,1975-10-12,ЄвШил@mail.ru,516678876,591,2022-10-14,556,2022-12-02
557,Kaja,Różewicz,1988-10-13,KajRóżewic93@wp.pl,468309043,543,2022-10-16,557,2023-03-09
558,Rozalia,Gajdzik,1968-09-08,RoGajdz64@wp.pl,620523215,432,2022-10-19,558,
559,Krystyna,Górkiewicz,1951-05-03,KrystyGórkiewic33@o2.pl,490931302,403,2022-10-20,559,2023-03-10
560,Kamila,Ciuła,1944-11-09,KaCiu12@wp.pl,968775983,215,2022-10-21,560,2023-05-24
561,Christopher,Rudolph,1995-05-14,ChrRud73@web.de,988586511,541,2022-10-23,561,
562,Kaja,Sych,1961-04-18,KaSy44@wp.pl,279058150,374,2022-10-26,562,2023-02-18
563,René,Siering,2002-06-19,ReSier@gmail.com,231798423,577,2022-10-27,563,
564,Kaja,Zawodnik,2006-04-29,KajZawodni27@wp.pl,722752906,103,2022-10-28,564,
565,Kornelia,Szpala,1983-04-20,KorneSzpa@live.com,625556860,262,2022-11-02,565,2023-05-05
566,Miloslava,Marková,1994-01-05,MiMa@gmail.com,748972836,2,2022-11-04,566,
567,Elżbieta,Potyrała,1971-09-26,ElżPotyr@o2.pl,471429821,272,2022-11-05,567,
568,Hubert,Makaruk,1983-10-29,HubMak@live.com,240158685,17,2022-11-07,568,2023-01-03
569,Jeremi,Kremer,1948-09-29,JeremKrem96@wp.pl,648655072,385,2022-11-14,569,2023-03-09
570,Maurycy,Kramer,1959-04-08,MauryKr@gmail.com,869361147,506,2022-11-22,570,
571,Liwia,Krzysztofek,1997-11-30,LiKrzysz38@live.com,390046481,436,2022-11-30,571,2023-06-04
572,Konrad,Aleksiejuk,2004-06-28,KonAleksi@wp.pl,325145795,319,2022-12-03,572,
573,Nataniel,Cieciora,2008-05-13,NaCiecio47@wp.pl,305228298,503,2022-12-10,573,2023-02-12
574,Adrianna,Pierz,1952-02-24,AdriaPi49@o2.pl,264094704,412,2022-12-31,574,
575,Dariusz,Prygiel,1972-07-16,DariuPrygie@live.com,729316009,502,2022-12-31,575,
576,Оксенія,Іванченко,1966-07-21,ОксІванч9@mail.ru,146444980,269,2023-01-02,576,
577,Konrad,Kopiczko,2004-10-13,KonrKopiczk@gmail.com,891843981,42,2023-01-11,577,
578,Stanisław,Pochopień,1945-05-28,StanisPochopie95@o2.pl,724345348,230,2023-02-05,578,
579,Nataniel,Latacz,1981-01-09,NatanieLat2@o2.pl,875817385,336,2023-02-08,579,
580,Roksana,Polnik,1982-06-02,RokPol52@wp.pl,678754508,463,2023-02-11,580,
581,Apolonia,Buszta,1994-02-03,ApoloniBus90@wp.pl,285691208,324,2023-02-14,581,
582,Angelika,Dering,1993-09-13,AngeliDerin72@gmail.com,534385849,177,2023-02-15,582,
583,Maurice,Otto,1975-09-17,MaurOt50@live.com,498983170,335,2023-02-22,583,
584,Agnieszka,Stebel,1975-09-11,AgnieszkStebe4@wp.pl,116683758,27,2023-02-24,584,
585,Alžběta,Krejčová,1951-05-27,AlžbKr61live.com,643906654,375,2023-02-27,585,
586,Kalina,Marko,1958-03-17,KalinMark@wp.pl,184705294,68,2023-03-04,586,
587,Tobiasz,Oziębło,1964-11-06,ToOzięb42@wp.pl,609945206,422,2023-03-14,587,
588,Corinna,Textor,1979-06-27,CoText4@web.de,446350154,231,2023-03-19,588,
589,Fryderyk,Macha,1974-07-30,FrMach88@live.com,194693867,167,2023-03-23,589,2023-05-12
590,Jeremi,Kuświk,2007-03-09,JereKuś@gmail.com,999785354,517,2023-03-26,590,
591,Kalina,Żymełka,1986-12-28,KaliŻyme46@o2.pl,204896482,453,2023-03-28,591,
592,Aurelia,Kazimierczuk,1979-06-11,AureliKazi86@gmail.com,822737016,66,2023-04-03,592,
593,Віолетта,Дацюк,1944-04-12,ВіДа@gmail.com,480345460,162,2023-04-07,593,
594,Błażej,Kunda,1984-09-30,BłażeKu85@live.com,459765081,170,2023-04-16,594,
595,Konrad,Kajak,2009-09-09,KonraKaja48@o2.pl,696131089,194,2023-04-19,595,
596,Błażej,Franków,1943-11-30,BłFran27@gmail.com,143504891,439,2023-04-23,596,
597,Aniela,Bilewicz,1985-10-16,AnieBile77@live.com,779120495,183,2023-04-23,597,
598,Agnieszka,Żal,1958-04-20,AgnieŻa@o2.pl,610017612,595,2023-05-05,598,
599,Julianna,Dybaś,1943-12-26,JuDy63@o2.pl,901647558,232,2023-05-23,599,
600,Kornelia,Wołk,1998-02-19,KorneliWoł61@gmail.com,125184795,362,2023-05-23,600,
