,date,staff_id
0,2021-01-04,1
1,2021-01-05,1
2,2021-01-06,1
3,2021-01-07,1
4,2021-01-08,1
5,2021-01-09,1
6,2021-01-10,1
7,2021-01-11,1
8,2021-01-12,1
9,2021-01-13,1
10,2021-01-14,1
11,2021-01-15,1
12,2021-01-16,1
13,2021-01-17,1
14,2021-01-18,1
15,2021-01-19,1
16,2021-01-20,1
16,2021-01-20,2
17,2021-01-21,2
18,2021-01-22,1
18,2021-01-22,2
19,2021-01-23,2
19,2021-01-23,1
20,2021-01-24,1
21,2021-01-25,1
22,2021-01-26,1
22,2021-01-26,2
23,2021-01-27,1
24,2021-01-28,1
24,2021-01-28,2
25,2021-01-29,1
26,2021-01-30,1
27,2021-01-31,1
28,2021-02-01,2
29,2021-02-02,1
29,2021-02-02,2
30,2021-02-03,1
30,2021-02-03,2
31,2021-02-04,2
32,2021-02-05,1
33,2021-02-06,1
34,2021-02-07,1
35,2021-02-08,2
35,2021-02-08,1
36,2021-02-09,1
36,2021-02-09,2
37,2021-02-10,1
38,2021-02-11,1
39,2021-02-12,2
39,2021-02-12,1
40,2021-02-13,1
40,2021-02-13,2
41,2021-02-14,1
42,2021-02-15,2
42,2021-02-15,1
43,2021-02-16,2
43,2021-02-16,1
44,2021-02-17,1
44,2021-02-17,2
45,2021-02-18,1
46,2021-02-19,1
46,2021-02-19,2
47,2021-02-20,2
47,2021-02-20,1
48,2021-02-21,1
49,2021-02-22,2
50,2021-02-23,1
50,2021-02-23,2
51,2021-02-24,1
51,2021-02-24,2
52,2021-02-25,2
52,2021-02-25,1
53,2021-02-26,2
53,2021-02-26,1
54,2021-02-27,2
54,2021-02-27,1
55,2021-02-28,1
56,2021-03-01,2
57,2021-03-02,2
57,2021-03-02,1
58,2021-03-03,2
59,2021-03-04,2
60,2021-03-05,1
61,2021-03-06,2
62,2021-03-07,1
63,2021-03-08,1
64,2021-03-09,2
65,2021-03-10,1
65,2021-03-10,2
66,2021-03-11,2
67,2021-03-12,1
67,2021-03-12,2
68,2021-03-13,1
68,2021-03-13,2
69,2021-03-14,1
70,2021-03-15,1
71,2021-03-16,1
72,2021-03-17,1
73,2021-03-18,2
74,2021-03-19,2
75,2021-03-20,1
75,2021-03-20,2
76,2021-03-21,1
77,2021-03-22,2
78,2021-03-23,1
79,2021-03-24,2
80,2021-03-25,1
81,2021-03-26,1
82,2021-03-27,2
83,2021-03-28,1
84,2021-03-29,1
85,2021-03-30,1
85,2021-03-30,2
86,2021-03-31,2
86,2021-03-31,1
87,2021-04-01,1
87,2021-04-01,2
88,2021-04-02,1
89,2021-04-03,1
90,2021-04-04,1
91,2021-04-05,1
92,2021-04-06,2
93,2021-04-07,2
93,2021-04-07,1
94,2021-04-08,3
94,2021-04-08,1
95,2021-04-09,1
95,2021-04-09,2
96,2021-04-10,3
97,2021-04-11,1
98,2021-04-12,1
98,2021-04-12,3
99,2021-04-13,3
99,2021-04-13,1
100,2021-04-14,2
101,2021-04-15,3
102,2021-04-16,3
103,2021-04-17,2
103,2021-04-17,3
104,2021-04-18,1
105,2021-04-19,2
105,2021-04-19,1
106,2021-04-20,2
107,2021-04-21,1
107,2021-04-21,2
108,2021-04-22,1
109,2021-04-23,2
110,2021-04-24,1
110,2021-04-24,3
111,2021-04-25,1
112,2021-04-26,1
112,2021-04-26,3
113,2021-04-27,1
114,2021-04-28,2
115,2021-04-29,3
116,2021-04-30,3
117,2021-05-01,1
118,2021-05-02,1
119,2021-05-03,1
119,2021-05-03,3
120,2021-05-04,1
120,2021-05-04,3
121,2021-05-05,1
121,2021-05-05,2
122,2021-05-06,2
123,2021-05-07,2
123,2021-05-07,1
124,2021-05-08,2
124,2021-05-08,3
125,2021-05-09,1
126,2021-05-10,3
127,2021-05-11,2
128,2021-05-12,3
128,2021-05-12,1
129,2021-05-13,1
130,2021-05-14,2
130,2021-05-14,1
131,2021-05-15,1
131,2021-05-15,3
132,2021-05-16,1
133,2021-05-17,1
133,2021-05-17,3
134,2021-05-18,1
135,2021-05-19,3
136,2021-05-20,3
137,2021-05-21,2
137,2021-05-21,1
138,2021-05-22,2
138,2021-05-22,3
139,2021-05-23,1
140,2021-05-24,1
140,2021-05-24,2
141,2021-05-25,1
142,2021-05-26,1
143,2021-05-27,1
143,2021-05-27,3
144,2021-05-28,2
145,2021-05-29,2
146,2021-05-30,1
147,2021-05-31,2
148,2021-06-01,1
148,2021-06-01,2
149,2021-06-02,1
150,2021-06-03,3
150,2021-06-03,2
151,2021-06-04,1
151,2021-06-04,3
152,2021-06-05,3
153,2021-06-06,1
154,2021-06-07,2
154,2021-06-07,3
155,2021-06-08,2
155,2021-06-08,1
156,2021-06-09,3
157,2021-06-10,1
157,2021-06-10,2
158,2021-06-11,2
158,2021-06-11,3
159,2021-06-12,2
160,2021-06-13,1
161,2021-06-14,3
161,2021-06-14,2
162,2021-06-15,1
162,2021-06-15,2
163,2021-06-16,2
163,2021-06-16,1
164,2021-06-17,3
165,2021-06-18,3
166,2021-06-19,1
167,2021-06-20,1
168,2021-06-21,2
169,2021-06-22,1
169,2021-06-22,2
170,2021-06-23,1
171,2021-06-24,2
171,2021-06-24,1
172,2021-06-25,2
172,2021-06-25,3
173,2021-06-26,1
173,2021-06-26,3
174,2021-06-27,1
175,2021-06-28,3
176,2021-06-29,2
177,2021-06-30,1
177,2021-06-30,2
178,2021-07-01,1
178,2021-07-01,2
179,2021-07-02,3
179,2021-07-02,2
180,2021-07-03,3
181,2021-07-04,1
182,2021-07-05,1
182,2021-07-05,2
183,2021-07-06,1
183,2021-07-06,3
184,2021-07-07,1
184,2021-07-07,3
185,2021-07-08,3
185,2021-07-08,1
186,2021-07-09,1
186,2021-07-09,2
187,2021-07-10,2
187,2021-07-10,1
188,2021-07-11,1
189,2021-07-12,1
190,2021-07-13,3
191,2021-07-14,2
191,2021-07-14,3
192,2021-07-15,1
193,2021-07-16,1
194,2021-07-17,2
194,2021-07-17,1
195,2021-07-18,1
196,2021-07-19,3
196,2021-07-19,2
197,2021-07-20,3
197,2021-07-20,1
198,2021-07-21,1
198,2021-07-21,3
199,2021-07-22,2
200,2021-07-23,2
200,2021-07-23,1
201,2021-07-24,2
202,2021-07-25,1
203,2021-07-26,2
203,2021-07-26,3
204,2021-07-27,3
205,2021-07-28,2
205,2021-07-28,3
206,2021-07-29,3
207,2021-07-30,1
208,2021-07-31,2
209,2021-08-01,1
210,2021-08-02,1
210,2021-08-02,3
211,2021-08-03,1
211,2021-08-03,2
212,2021-08-04,1
212,2021-08-04,2
213,2021-08-05,3
213,2021-08-05,1
214,2021-08-06,1
214,2021-08-06,2
215,2021-08-07,1
216,2021-08-08,1
217,2021-08-09,3
218,2021-08-10,2
219,2021-08-11,3
220,2021-08-12,1
220,2021-08-12,2
221,2021-08-13,1
222,2021-08-14,2
223,2021-08-15,1
224,2021-08-16,1
224,2021-08-16,2
225,2021-08-17,3
225,2021-08-17,1
226,2021-08-18,3
226,2021-08-18,2
227,2021-08-19,2
227,2021-08-19,3
228,2021-08-20,3
228,2021-08-20,2
229,2021-08-21,1
229,2021-08-21,3
230,2021-08-22,1
231,2021-08-23,2
231,2021-08-23,3
232,2021-08-24,3
233,2021-08-25,3
234,2021-08-26,2
234,2021-08-26,3
235,2021-08-27,3
235,2021-08-27,2
236,2021-08-28,1
237,2021-08-29,1
238,2021-08-30,1
239,2021-08-31,3
240,2021-09-01,1
240,2021-09-01,2
241,2021-09-02,3
242,2021-09-03,3
242,2021-09-03,1
243,2021-09-04,2
243,2021-09-04,1
244,2021-09-05,1
245,2021-09-06,2
246,2021-09-07,1
246,2021-09-07,3
247,2021-09-08,1
247,2021-09-08,2
248,2021-09-09,2
248,2021-09-09,3
249,2021-09-10,2
250,2021-09-11,3
251,2021-09-12,1
252,2021-09-13,2
252,2021-09-13,3
253,2021-09-14,2
253,2021-09-14,1
254,2021-09-15,2
255,2021-09-16,1
256,2021-09-17,1
257,2021-09-18,3
257,2021-09-18,2
258,2021-09-19,1
259,2021-09-20,1
259,2021-09-20,2
260,2021-09-21,3
261,2021-09-22,1
261,2021-09-22,2
262,2021-09-23,3
263,2021-09-24,1
263,2021-09-24,2
264,2021-09-25,2
265,2021-09-26,1
266,2021-09-27,3
266,2021-09-27,1
267,2021-09-28,1
267,2021-09-28,3
268,2021-09-29,3
269,2021-09-30,3
270,2021-10-01,3
270,2021-10-01,2
271,2021-10-02,2
272,2021-10-03,1
273,2021-10-04,1
274,2021-10-05,1
275,2021-10-06,1
275,2021-10-06,3
276,2021-10-07,3
277,2021-10-08,3
278,2021-10-09,1
278,2021-10-09,3
279,2021-10-10,1
280,2021-10-11,3
280,2021-10-11,2
281,2021-10-12,1
282,2021-10-13,2
283,2021-10-14,3
284,2021-10-15,3
285,2021-10-16,2
285,2021-10-16,1
286,2021-10-17,1
287,2021-10-18,1
287,2021-10-18,3
288,2021-10-19,3
289,2021-10-20,1
290,2021-10-21,3
290,2021-10-21,1
291,2021-10-22,1
292,2021-10-23,2
292,2021-10-23,1
293,2021-10-24,1
294,2021-10-25,1
295,2021-10-26,2
295,2021-10-26,1
296,2021-10-27,1
296,2021-10-27,2
297,2021-10-28,2
298,2021-10-29,2
299,2021-10-30,1
300,2021-10-31,1
301,2021-11-01,2
301,2021-11-01,3
302,2021-11-02,1
302,2021-11-02,3
303,2021-11-03,1
303,2021-11-03,3
304,2021-11-04,1
305,2021-11-05,2
305,2021-11-05,3
306,2021-11-06,1
307,2021-11-07,1
308,2021-11-08,1
308,2021-11-08,3
309,2021-11-09,3
310,2021-11-10,3
311,2021-11-11,1
312,2021-11-12,1
312,2021-11-12,3
313,2021-11-13,2
314,2021-11-14,1
315,2021-11-15,1
316,2021-11-16,3
317,2021-11-17,2
318,2021-11-18,2
318,2021-11-18,1
319,2021-11-19,2
320,2021-11-20,2
320,2021-11-20,3
321,2021-11-21,1
322,2021-11-22,3
322,2021-11-22,2
323,2021-11-23,2
324,2021-11-24,1
325,2021-11-25,2
325,2021-11-25,1
326,2021-11-26,3
326,2021-11-26,1
326,2021-11-26,4
327,2021-11-27,4
327,2021-11-27,2
327,2021-11-27,3
328,2021-11-28,1
329,2021-11-29,3
329,2021-11-29,2
330,2021-11-30,1
330,2021-11-30,3
330,2021-11-30,2
331,2021-12-01,2
331,2021-12-01,3
332,2021-12-02,3
332,2021-12-02,4
333,2021-12-03,4
334,2021-12-04,1
335,2021-12-05,1
336,2021-12-06,3
336,2021-12-06,4
336,2021-12-06,2
337,2021-12-07,3
337,2021-12-07,2
338,2021-12-08,1
339,2021-12-09,3
340,2021-12-10,2
340,2021-12-10,4
341,2021-12-11,1
342,2021-12-12,1
343,2021-12-13,3
344,2021-12-14,2
344,2021-12-14,4
345,2021-12-15,1
346,2021-12-16,1
346,2021-12-16,3
347,2021-12-17,2
347,2021-12-17,4
348,2021-12-18,3
348,2021-12-18,1
348,2021-12-18,4
349,2021-12-19,1
350,2021-12-20,3
350,2021-12-20,4
351,2021-12-21,2
352,2021-12-22,3
353,2021-12-23,1
353,2021-12-23,3
353,2021-12-23,2
354,2021-12-24,4
354,2021-12-24,2
354,2021-12-24,3
355,2021-12-25,2
356,2021-12-26,1
357,2021-12-27,4
358,2021-12-28,1
358,2021-12-28,2
359,2021-12-29,1
359,2021-12-29,4
360,2021-12-30,2
360,2021-12-30,3
361,2021-12-31,4
361,2021-12-31,1
362,2022-01-01,1
362,2022-01-01,2
362,2022-01-01,4
363,2022-01-02,1
364,2022-01-03,1
364,2022-01-03,2
364,2022-01-03,3
365,2022-01-04,4
366,2022-01-05,1
367,2022-01-06,1
367,2022-01-06,4
368,2022-01-07,1
368,2022-01-07,2
369,2022-01-08,3
369,2022-01-08,2
369,2022-01-08,4
370,2022-01-09,1
371,2022-01-10,4
371,2022-01-10,1
372,2022-01-11,3
372,2022-01-11,2
372,2022-01-11,1
373,2022-01-12,3
373,2022-01-12,4
374,2022-01-13,4
374,2022-01-13,3
375,2022-01-14,3
376,2022-01-15,1
376,2022-01-15,4
376,2022-01-15,3
377,2022-01-16,1
378,2022-01-17,1
379,2022-01-18,1
380,2022-01-19,4
380,2022-01-19,1
381,2022-01-20,1
382,2022-01-21,3
383,2022-01-22,1
383,2022-01-22,3
383,2022-01-22,4
384,2022-01-23,1
385,2022-01-24,1
385,2022-01-24,4
386,2022-01-25,3
387,2022-01-26,3
388,2022-01-27,4
388,2022-01-27,2
389,2022-01-28,2
389,2022-01-28,1
389,2022-01-28,4
390,2022-01-29,2
391,2022-01-30,1
392,2022-01-31,2
392,2022-01-31,3
393,2022-02-01,4
393,2022-02-01,3
394,2022-02-02,2
395,2022-02-03,4
395,2022-02-03,3
395,2022-02-03,2
396,2022-02-04,3
396,2022-02-04,4
397,2022-02-05,2
397,2022-02-05,1
398,2022-02-06,1
399,2022-02-07,3
399,2022-02-07,1
400,2022-02-08,5
400,2022-02-08,2
401,2022-02-09,2
401,2022-02-09,1
401,2022-02-09,4
402,2022-02-10,1
402,2022-02-10,2
403,2022-02-11,2
404,2022-02-12,4
404,2022-02-12,2
405,2022-02-13,1
406,2022-02-14,1
406,2022-02-14,3
407,2022-02-15,5
408,2022-02-16,5
408,2022-02-16,3
408,2022-02-16,2
409,2022-02-17,4
409,2022-02-17,2
409,2022-02-17,3
410,2022-02-18,2
411,2022-02-19,3
412,2022-02-20,1
413,2022-02-21,4
413,2022-02-21,2
414,2022-02-22,2
414,2022-02-22,1
415,2022-02-23,4
415,2022-02-23,2
416,2022-02-24,3
416,2022-02-24,1
416,2022-02-24,4
417,2022-02-25,1
417,2022-02-25,5
418,2022-02-26,1
419,2022-02-27,1
420,2022-02-28,2
420,2022-02-28,3
421,2022-03-01,4
422,2022-03-02,5
422,2022-03-02,4
422,2022-03-02,2
423,2022-03-03,1
423,2022-03-03,5
424,2022-03-04,4
424,2022-03-04,2
425,2022-03-05,4
426,2022-03-06,1
427,2022-03-07,4
427,2022-03-07,3
427,2022-03-07,1
428,2022-03-08,3
428,2022-03-08,5
429,2022-03-09,1
430,2022-03-10,4
430,2022-03-10,5
430,2022-03-10,1
431,2022-03-11,2
431,2022-03-11,4
432,2022-03-12,5
433,2022-03-13,1
434,2022-03-14,5
434,2022-03-14,4
435,2022-03-15,4
435,2022-03-15,1
435,2022-03-15,3
436,2022-03-16,2
437,2022-03-17,2
438,2022-03-18,1
439,2022-03-19,5
440,2022-03-20,1
441,2022-03-21,2
441,2022-03-21,1
442,2022-03-22,1
442,2022-03-22,3
442,2022-03-22,5
443,2022-03-23,4
443,2022-03-23,5
443,2022-03-23,2
444,2022-03-24,2
445,2022-03-25,3
445,2022-03-25,4
445,2022-03-25,1
446,2022-03-26,2
447,2022-03-27,1
448,2022-03-28,3
448,2022-03-28,5
449,2022-03-29,1
449,2022-03-29,5
449,2022-03-29,4
450,2022-03-30,5
450,2022-03-30,4
450,2022-03-30,3
451,2022-03-31,2
451,2022-03-31,5
452,2022-04-01,1
452,2022-04-01,2
453,2022-04-02,3
454,2022-04-03,1
455,2022-04-04,2
455,2022-04-04,1
456,2022-04-05,4
456,2022-04-05,5
456,2022-04-05,2
457,2022-04-06,2
458,2022-04-07,1
458,2022-04-07,2
459,2022-04-08,1
459,2022-04-08,3
459,2022-04-08,2
460,2022-04-09,1
460,2022-04-09,4
460,2022-04-09,5
461,2022-04-10,1
462,2022-04-11,1
462,2022-04-11,5
463,2022-04-12,5
464,2022-04-13,3
464,2022-04-13,2
464,2022-04-13,5
465,2022-04-14,2
465,2022-04-14,5
465,2022-04-14,1
466,2022-04-15,3
467,2022-04-16,3
467,2022-04-16,4
467,2022-04-16,2
468,2022-04-17,1
469,2022-04-18,3
469,2022-04-18,5
469,2022-04-18,4
470,2022-04-19,3
470,2022-04-19,5
471,2022-04-20,1
471,2022-04-20,3
472,2022-04-21,3
472,2022-04-21,4
473,2022-04-22,3
474,2022-04-23,5
474,2022-04-23,1
474,2022-04-23,4
475,2022-04-24,1
476,2022-04-25,2
476,2022-04-25,5
477,2022-04-26,4
477,2022-04-26,1
478,2022-04-27,5
479,2022-04-28,4
479,2022-04-28,3
479,2022-04-28,1
480,2022-04-29,1
480,2022-04-29,2
480,2022-04-29,4
481,2022-04-30,1
481,2022-04-30,3
481,2022-04-30,4
482,2022-05-01,1
483,2022-05-02,5
483,2022-05-02,4
483,2022-05-02,3
484,2022-05-03,3
485,2022-05-04,3
485,2022-05-04,5
485,2022-05-04,2
486,2022-05-05,4
486,2022-05-05,3
486,2022-05-05,2
487,2022-05-06,1
488,2022-05-07,5
488,2022-05-07,3
488,2022-05-07,4
489,2022-05-08,1
490,2022-05-09,4
491,2022-05-10,5
491,2022-05-10,3
492,2022-05-11,1
492,2022-05-11,5
493,2022-05-12,2
493,2022-05-12,4
494,2022-05-13,2
494,2022-05-13,3
494,2022-05-13,4
495,2022-05-14,2
495,2022-05-14,3
495,2022-05-14,5
496,2022-05-15,1
497,2022-05-16,1
497,2022-05-16,3
498,2022-05-17,4
499,2022-05-18,2
500,2022-05-19,5
500,2022-05-19,1
501,2022-05-20,4
502,2022-05-21,1
502,2022-05-21,4
503,2022-05-22,1
504,2022-05-23,1
504,2022-05-23,5
505,2022-05-24,2
505,2022-05-24,3
506,2022-05-25,5
506,2022-05-25,2
507,2022-05-26,3
508,2022-05-27,2
509,2022-05-28,5
509,2022-05-28,1
510,2022-05-29,1
511,2022-05-30,2
511,2022-05-30,1
512,2022-05-31,3
512,2022-05-31,2
513,2022-06-01,4
513,2022-06-01,5
513,2022-06-01,2
514,2022-06-02,3
515,2022-06-03,5
515,2022-06-03,3
516,2022-06-04,5
517,2022-06-05,1
518,2022-06-06,3
518,2022-06-06,2
519,2022-06-07,2
519,2022-06-07,3
519,2022-06-07,1
520,2022-06-08,5
520,2022-06-08,2
521,2022-06-09,3
521,2022-06-09,1
522,2022-06-10,5
522,2022-06-10,4
523,2022-06-11,2
523,2022-06-11,4
523,2022-06-11,5
524,2022-06-12,1
525,2022-06-13,2
526,2022-06-14,4
526,2022-06-14,3
526,2022-06-14,5
527,2022-06-15,3
527,2022-06-15,4
527,2022-06-15,2
528,2022-06-16,4
528,2022-06-16,5
529,2022-06-17,4
529,2022-06-17,1
530,2022-06-18,1
530,2022-06-18,4
530,2022-06-18,5
531,2022-06-19,1
532,2022-06-20,5
533,2022-06-21,2
533,2022-06-21,3
534,2022-06-22,5
535,2022-06-23,5
535,2022-06-23,3
535,2022-06-23,1
536,2022-06-24,2
536,2022-06-24,4
537,2022-06-25,1
537,2022-06-25,4
537,2022-06-25,3
538,2022-06-26,1
539,2022-06-27,1
539,2022-06-27,5
540,2022-06-28,3
541,2022-06-29,1
541,2022-06-29,3
541,2022-06-29,4
542,2022-06-30,3
543,2022-07-01,4
543,2022-07-01,3
543,2022-07-01,1
544,2022-07-02,5
545,2022-07-03,1
546,2022-07-04,5
546,2022-07-04,1
546,2022-07-04,3
547,2022-07-05,5
548,2022-07-06,5
549,2022-07-07,4
549,2022-07-07,2
549,2022-07-07,1
550,2022-07-08,2
550,2022-07-08,3
550,2022-07-08,4
551,2022-07-09,1
551,2022-07-09,4
552,2022-07-10,1
553,2022-07-11,2
553,2022-07-11,1
553,2022-07-11,4
554,2022-07-12,2
555,2022-07-13,1
555,2022-07-13,5
555,2022-07-13,4
556,2022-07-14,1
557,2022-07-15,1
557,2022-07-15,4
558,2022-07-16,1
558,2022-07-16,5
559,2022-07-17,1
560,2022-07-18,4
560,2022-07-18,5
561,2022-07-19,2
562,2022-07-20,3
562,2022-07-20,4
562,2022-07-20,5
563,2022-07-21,1
563,2022-07-21,4
563,2022-07-21,5
564,2022-07-22,1
564,2022-07-22,2
564,2022-07-22,5
565,2022-07-23,2
565,2022-07-23,5
565,2022-07-23,3
566,2022-07-24,1
567,2022-07-25,5
567,2022-07-25,2
567,2022-07-25,4
568,2022-07-26,3
568,2022-07-26,5
569,2022-07-27,1
569,2022-07-27,4
569,2022-07-27,2
570,2022-07-28,3
570,2022-07-28,4
570,2022-07-28,2
571,2022-07-29,1
571,2022-07-29,4
571,2022-07-29,2
572,2022-07-30,2
572,2022-07-30,1
573,2022-07-31,1
574,2022-08-01,4
574,2022-08-01,1
575,2022-08-02,4
575,2022-08-02,1
575,2022-08-02,3
576,2022-08-03,1
576,2022-08-03,4
577,2022-08-04,3
578,2022-08-05,4
579,2022-08-06,4
579,2022-08-06,3
579,2022-08-06,1
580,2022-08-07,1
581,2022-08-08,3
582,2022-08-09,5
582,2022-08-09,2
582,2022-08-09,4
583,2022-08-10,5
583,2022-08-10,4
583,2022-08-10,3
584,2022-08-11,2
585,2022-08-12,2
585,2022-08-12,3
585,2022-08-12,4
586,2022-08-13,5
586,2022-08-13,3
586,2022-08-13,2
587,2022-08-14,1
588,2022-08-15,2
588,2022-08-15,3
588,2022-08-15,4
589,2022-08-16,4
589,2022-08-16,1
590,2022-08-17,4
590,2022-08-17,5
590,2022-08-17,2
591,2022-08-18,2
591,2022-08-18,3
591,2022-08-18,1
592,2022-08-19,3
592,2022-08-19,5
592,2022-08-19,4
593,2022-08-20,4
593,2022-08-20,1
593,2022-08-20,5
594,2022-08-21,1
595,2022-08-22,2
596,2022-08-23,1
597,2022-08-24,1
597,2022-08-24,4
597,2022-08-24,3
598,2022-08-25,3
598,2022-08-25,2
599,2022-08-26,2
599,2022-08-26,1
599,2022-08-26,4
600,2022-08-27,4
600,2022-08-27,5
600,2022-08-27,1
601,2022-08-28,1
602,2022-08-29,5
603,2022-08-30,1
603,2022-08-30,5
604,2022-08-31,1
604,2022-08-31,4
604,2022-08-31,2
605,2022-09-01,1
605,2022-09-01,2
605,2022-09-01,4
606,2022-09-02,4
607,2022-09-03,2
607,2022-09-03,5
608,2022-09-04,1
609,2022-09-05,3
610,2022-09-06,4
610,2022-09-06,3
611,2022-09-07,2
612,2022-09-08,2
612,2022-09-08,4
612,2022-09-08,3
613,2022-09-09,1
614,2022-09-10,1
614,2022-09-10,5
614,2022-09-10,4
615,2022-09-11,1
616,2022-09-12,2
617,2022-09-13,3
618,2022-09-14,5
618,2022-09-14,1
619,2022-09-15,2
619,2022-09-15,4
620,2022-09-16,2
621,2022-09-17,4
621,2022-09-17,3
621,2022-09-17,2
622,2022-09-18,1
623,2022-09-19,5
623,2022-09-19,2
623,2022-09-19,1
624,2022-09-20,4
624,2022-09-20,5
625,2022-09-21,5
626,2022-09-22,2
627,2022-09-23,3
627,2022-09-23,1
627,2022-09-23,4
628,2022-09-24,2
628,2022-09-24,1
629,2022-09-25,1
630,2022-09-26,5
630,2022-09-26,3
630,2022-09-26,1
631,2022-09-27,3
632,2022-09-28,4
632,2022-09-28,3
633,2022-09-29,2
634,2022-09-30,1
634,2022-09-30,2
635,2022-10-01,5
635,2022-10-01,3
635,2022-10-01,2
636,2022-10-02,1
637,2022-10-03,1
637,2022-10-03,5
637,2022-10-03,3
638,2022-10-04,3
638,2022-10-04,1
639,2022-10-05,3
640,2022-10-06,3
640,2022-10-06,2
641,2022-10-07,1
641,2022-10-07,2
642,2022-10-08,5
643,2022-10-09,1
644,2022-10-10,3
644,2022-10-10,1
644,2022-10-10,4
645,2022-10-11,1
645,2022-10-11,5
646,2022-10-12,1
646,2022-10-12,4
647,2022-10-13,5
647,2022-10-13,1
647,2022-10-13,3
648,2022-10-14,2
648,2022-10-14,3
649,2022-10-15,1
649,2022-10-15,5
649,2022-10-15,4
650,2022-10-16,1
651,2022-10-17,5
651,2022-10-17,2
652,2022-10-18,3
652,2022-10-18,4
652,2022-10-18,2
653,2022-10-19,2
653,2022-10-19,1
654,2022-10-20,1
655,2022-10-21,5
656,2022-10-22,4
656,2022-10-22,1
656,2022-10-22,3
657,2022-10-23,1
658,2022-10-24,1
658,2022-10-24,4
659,2022-10-25,2
659,2022-10-25,4
660,2022-10-26,4
660,2022-10-26,2
660,2022-10-26,1
661,2022-10-27,1
661,2022-10-27,3
662,2022-10-28,2
662,2022-10-28,3
663,2022-10-29,1
663,2022-10-29,2
664,2022-10-30,1
665,2022-10-31,1
666,2022-11-01,1
666,2022-11-01,2
666,2022-11-01,4
667,2022-11-02,5
667,2022-11-02,1
667,2022-11-02,4
668,2022-11-03,2
668,2022-11-03,1
668,2022-11-03,4
669,2022-11-04,2
670,2022-11-05,2
670,2022-11-05,3
671,2022-11-06,1
672,2022-11-07,3
673,2022-11-08,5
673,2022-11-08,2
674,2022-11-09,2
674,2022-11-09,4
675,2022-11-10,1
675,2022-11-10,5
676,2022-11-11,3
677,2022-11-12,2
677,2022-11-12,4
677,2022-11-12,3
678,2022-11-13,1
679,2022-11-14,3
679,2022-11-14,2
679,2022-11-14,4
680,2022-11-15,3
680,2022-11-15,5
680,2022-11-15,4
681,2022-11-16,2
681,2022-11-16,3
682,2022-11-17,5
682,2022-11-17,1
683,2022-11-18,3
684,2022-11-19,5
684,2022-11-19,4
685,2022-11-20,1
686,2022-11-21,1
686,2022-11-21,2
687,2022-11-22,5
688,2022-11-23,3
689,2022-11-24,5
689,2022-11-24,2
689,2022-11-24,1
690,2022-11-25,2
690,2022-11-25,1
691,2022-11-26,4
692,2022-11-27,1
693,2022-11-28,4
693,2022-11-28,1
693,2022-11-28,5
694,2022-11-29,1
694,2022-11-29,3
695,2022-11-30,5
695,2022-11-30,4
696,2022-12-01,1
696,2022-12-01,5
697,2022-12-02,5
697,2022-12-02,4
698,2022-12-03,1
698,2022-12-03,4
699,2022-12-04,1
700,2022-12-05,4
700,2022-12-05,1
701,2022-12-06,2
702,2022-12-07,2
702,2022-12-07,4
703,2022-12-08,1
703,2022-12-08,3
703,2022-12-08,5
704,2022-12-09,3
704,2022-12-09,1
704,2022-12-09,5
705,2022-12-10,3
705,2022-12-10,2
706,2022-12-11,1
707,2022-12-12,3
708,2022-12-13,5
708,2022-12-13,4
708,2022-12-13,2
709,2022-12-14,1
709,2022-12-14,5
709,2022-12-14,3
710,2022-12-15,3
710,2022-12-15,4
711,2022-12-16,5
711,2022-12-16,3
712,2022-12-17,4
713,2022-12-18,1
714,2022-12-19,2
714,2022-12-19,5
715,2022-12-20,3
716,2022-12-21,3
716,2022-12-21,1
716,2022-12-21,4
717,2022-12-22,3
717,2022-12-22,5
717,2022-12-22,4
718,2022-12-23,1
718,2022-12-23,3
719,2022-12-24,3
719,2022-12-24,5
720,2022-12-25,1
721,2022-12-26,5
721,2022-12-26,1
721,2022-12-26,4
722,2022-12-27,5
722,2022-12-27,3
723,2022-12-28,2
723,2022-12-28,4
724,2022-12-29,1
724,2022-12-29,4
725,2022-12-30,4
726,2022-12-31,3
727,2023-01-01,1
728,2023-01-02,5
728,2023-01-02,2
729,2023-01-03,1
729,2023-01-03,5
730,2023-01-04,5
730,2023-01-04,3
731,2023-01-05,4
732,2023-01-06,3
733,2023-01-07,3
733,2023-01-07,4
734,2023-01-08,1
735,2023-01-09,2
736,2023-01-10,2
736,2023-01-10,5
736,2023-01-10,3
737,2023-01-11,1
737,2023-01-11,2
737,2023-01-11,5
738,2023-01-12,1
738,2023-01-12,2
738,2023-01-12,3
739,2023-01-13,4
739,2023-01-13,3
739,2023-01-13,1
740,2023-01-14,2
740,2023-01-14,1
740,2023-01-14,3
741,2023-01-15,1
742,2023-01-16,3
742,2023-01-16,1
743,2023-01-17,3
743,2023-01-17,1
743,2023-01-17,5
744,2023-01-18,3
745,2023-01-19,1
746,2023-01-20,4
746,2023-01-20,1
746,2023-01-20,3
747,2023-01-21,2
748,2023-01-22,1
749,2023-01-23,3
750,2023-01-24,3
750,2023-01-24,4
750,2023-01-24,1
751,2023-01-25,4
751,2023-01-25,3
751,2023-01-25,1
752,2023-01-26,3
753,2023-01-27,3
753,2023-01-27,5
753,2023-01-27,2
754,2023-01-28,3
754,2023-01-28,4
754,2023-01-28,2
755,2023-01-29,1
756,2023-01-30,1
756,2023-01-30,2
756,2023-01-30,4
757,2023-01-31,3
758,2023-02-01,5
759,2023-02-02,1
760,2023-02-03,2
760,2023-02-03,3
760,2023-02-03,4
761,2023-02-04,5
761,2023-02-04,3
761,2023-02-04,1
762,2023-02-05,1
763,2023-02-06,5
763,2023-02-06,1
764,2023-02-07,2
764,2023-02-07,4
764,2023-02-07,3
765,2023-02-08,1
766,2023-02-09,5
767,2023-02-10,5
767,2023-02-10,4
767,2023-02-10,3
768,2023-02-11,1
768,2023-02-11,5
768,2023-02-11,3
769,2023-02-12,1
770,2023-02-13,5
770,2023-02-13,4
771,2023-02-14,3
771,2023-02-14,2
772,2023-02-15,3
772,2023-02-15,2
772,2023-02-15,4
773,2023-02-16,3
774,2023-02-17,4
775,2023-02-18,1
775,2023-02-18,2
776,2023-02-19,1
777,2023-02-20,4
777,2023-02-20,3
778,2023-02-21,3
779,2023-02-22,5
779,2023-02-22,1
779,2023-02-22,2
780,2023-02-23,4
780,2023-02-23,2
780,2023-02-23,5
781,2023-02-24,2
781,2023-02-24,5
782,2023-02-25,2
782,2023-02-25,4
782,2023-02-25,3
783,2023-02-26,1
784,2023-02-27,2
784,2023-02-27,3
784,2023-02-27,5
785,2023-02-28,3
785,2023-02-28,1
786,2023-03-01,4
787,2023-03-02,5
787,2023-03-02,2
788,2023-03-03,4
788,2023-03-03,2
788,2023-03-03,1
789,2023-03-04,1
789,2023-03-04,2
790,2023-03-05,1
791,2023-03-06,4
792,2023-03-07,5
792,2023-03-07,4
793,2023-03-08,1
793,2023-03-08,2
793,2023-03-08,5
794,2023-03-09,1
794,2023-03-09,2
795,2023-03-10,2
796,2023-03-11,5
796,2023-03-11,4
796,2023-03-11,2
797,2023-03-12,1
798,2023-03-13,2
798,2023-03-13,4
799,2023-03-14,5
799,2023-03-14,2
799,2023-03-14,3
800,2023-03-15,1
800,2023-03-15,3
801,2023-03-16,5
801,2023-03-16,1
802,2023-03-17,1
802,2023-03-17,5
802,2023-03-17,3
803,2023-03-18,4
803,2023-03-18,5
804,2023-03-19,1
805,2023-03-20,4
805,2023-03-20,5
805,2023-03-20,2
806,2023-03-21,2
806,2023-03-21,5
807,2023-03-22,5
807,2023-03-22,1
807,2023-03-22,4
808,2023-03-23,5
809,2023-03-24,3
809,2023-03-24,4
809,2023-03-24,2
810,2023-03-25,4
810,2023-03-25,2
811,2023-03-26,1
812,2023-03-27,5
812,2023-03-27,3
812,2023-03-27,1
813,2023-03-28,3
814,2023-03-29,3
814,2023-03-29,1
815,2023-03-30,5
815,2023-03-30,4
815,2023-03-30,2
816,2023-03-31,4
816,2023-03-31,3
817,2023-04-01,2
818,2023-04-02,1
819,2023-04-03,2
820,2023-04-04,5
820,2023-04-04,3
821,2023-04-05,5
821,2023-04-05,3
821,2023-04-05,1
822,2023-04-06,3
822,2023-04-06,2
823,2023-04-07,3
824,2023-04-08,4
824,2023-04-08,5
825,2023-04-09,1
826,2023-04-10,2
827,2023-04-11,3
827,2023-04-11,1
828,2023-04-12,3
829,2023-04-13,1
830,2023-04-14,5
831,2023-04-15,2
831,2023-04-15,1
831,2023-04-15,3
832,2023-04-16,1
833,2023-04-17,5
834,2023-04-18,2
834,2023-04-18,1
834,2023-04-18,5
835,2023-04-19,3
836,2023-04-20,3
837,2023-04-21,4
837,2023-04-21,5
837,2023-04-21,3
838,2023-04-22,4
839,2023-04-23,1
840,2023-04-24,1
840,2023-04-24,5
841,2023-04-25,4
841,2023-04-25,5
842,2023-04-26,1
842,2023-04-26,2
843,2023-04-27,1
843,2023-04-27,3
844,2023-04-28,2
845,2023-04-29,1
845,2023-04-29,3
845,2023-04-29,5
846,2023-04-30,1
847,2023-05-01,3
847,2023-05-01,5
847,2023-05-01,2
848,2023-05-02,5
848,2023-05-02,1
848,2023-05-02,3
849,2023-05-03,3
849,2023-05-03,1
849,2023-05-03,2
850,2023-05-04,5
851,2023-05-05,2
851,2023-05-05,1
852,2023-05-06,1
852,2023-05-06,2
852,2023-05-06,5
853,2023-05-07,1
854,2023-05-08,4
854,2023-05-08,2
854,2023-05-08,3
855,2023-05-09,3
856,2023-05-10,2
856,2023-05-10,4
857,2023-05-11,4
858,2023-05-12,2
858,2023-05-12,5
859,2023-05-13,1
859,2023-05-13,2
859,2023-05-13,5
860,2023-05-14,1
861,2023-05-15,1
861,2023-05-15,4
862,2023-05-16,5
862,2023-05-16,2
862,2023-05-16,3
863,2023-05-17,1
864,2023-05-18,3
864,2023-05-18,4
865,2023-05-19,5
865,2023-05-19,2
865,2023-05-19,3
866,2023-05-20,4
866,2023-05-20,2
867,2023-05-21,1
868,2023-05-22,2
868,2023-05-22,3
869,2023-05-23,4
869,2023-05-23,5
869,2023-05-23,3
870,2023-05-24,5
870,2023-05-24,3
871,2023-05-25,4
871,2023-05-25,3
871,2023-05-25,1
872,2023-05-26,1
873,2023-05-27,4
873,2023-05-27,5
874,2023-05-28,1
875,2023-05-29,2
875,2023-05-29,4
876,2023-05-30,2
877,2023-05-31,3
877,2023-05-31,1
878,2023-06-01,4
878,2023-06-01,2
879,2023-06-02,4
879,2023-06-02,5
880,2023-06-03,2
880,2023-06-03,1
880,2023-06-03,5
881,2023-06-04,1
882,2023-06-05,5
882,2023-06-05,2
883,2023-06-06,1
883,2023-06-06,3
884,2023-06-07,3
884,2023-06-07,4
885,2023-06-08,4
885,2023-06-08,5
886,2023-06-09,3
886,2023-06-09,1
887,2023-06-10,4
887,2023-06-10,2
888,2023-06-11,1
889,2023-06-12,1
889,2023-06-12,3
890,2023-06-13,4
890,2023-06-13,2
891,2023-06-14,2
891,2023-06-14,5
891,2023-06-14,3
892,2023-06-15,5
