purchase_id,inventory_id,customer_id,date,staff_id
1,17,575,2021-01-05,1
1,4,575,2021-01-05,1
2,681,450,2021-01-06,1
3,13,5,2021-01-06,1
3,14,5,2021-01-06,1
4,31,461,2021-01-07,1
4,244,461,2021-01-07,1
5,38,532,2021-01-08,1
6,21,207,2021-01-08,1
7,119,318,2021-01-11,1
8,80,156,2021-01-11,1
8,43,156,2021-01-11,1
8,10,156,2021-01-11,1
9,190,59,2021-01-11,1
10,16,96,2021-01-12,1
10,28,96,2021-01-12,1
10,3,96,2021-01-12,1
11,55,166,2021-01-13,1
12,6,188,2021-01-14,1
12,111,188,2021-01-14,1
13,20,558,2021-01-14,1
14,7,34,2021-01-15,1
15,285,431,2021-01-15,1
16,12,58,2021-01-16,1
16,319,58,2021-01-16,1
17,15,516,2021-01-17,1
17,18,516,2021-01-17,1
17,116,516,2021-01-17,1
18,34,10,2021-01-17,1
18,58,10,2021-01-17,1
18,849,10,2021-01-17,1
19,36,252,2021-01-18,1
19,57,252,2021-01-18,1
20,113,36,2021-01-20,1
20,461,36,2021-01-20,2
20,89,36,2021-01-20,1
21,32,515,2021-01-21,2
21,781,515,2021-01-21,2
21,99,515,2021-01-21,2
22,800,247,2021-01-22,2
22,493,247,2021-01-22,2
22,131,247,2021-01-22,1
23,1341,570,2021-01-22,2
23,68,570,2021-01-22,2
23,27,570,2021-01-22,1
24,11,293,2021-01-24,1
24,62,293,2021-01-24,1
24,202,293,2021-01-24,1
25,209,563,2021-01-24,1
26,177,538,2021-01-26,2
27,19,238,2021-01-27,2
28,230,576,2021-01-27,1
29,54,193,2021-01-27,1
30,87,398,2021-01-27,2
31,26,112,2021-01-27,1
31,715,112,2021-01-27,2
31,67,112,2021-01-27,2
32,974,260,2021-01-29,2
32,35,260,2021-01-29,2
32,378,260,2021-01-29,2
33,65,143,2021-01-29,2
34,5,558,2021-01-29,2
34,216,558,2021-01-29,2
34,707,558,2021-01-29,2
35,25,134,2021-01-29,2
35,173,134,2021-01-29,2
35,63,134,2021-01-29,2
36,271,527,2021-02-01,1
36,927,527,2021-02-01,2
37,1367,353,2021-02-01,1
37,1865,353,2021-02-01,1
37,282,353,2021-02-01,2
38,233,82,2021-02-02,2
38,30,82,2021-02-02,2
39,130,310,2021-02-02,2
39,304,310,2021-02-02,2
39,1553,310,2021-02-02,1
40,349,55,2021-02-03,1
40,44,55,2021-02-03,1
41,2484,523,2021-02-04,1
42,154,486,2021-02-04,1
42,251,486,2021-02-04,2
42,410,486,2021-02-04,2
43,1316,590,2021-02-07,1
44,586,286,2021-02-08,2
44,389,286,2021-02-08,2
44,90,286,2021-02-08,1
45,47,476,2021-02-09,1
46,471,40,2021-02-10,1
46,186,40,2021-02-10,1
46,64,40,2021-02-10,1
47,48,236,2021-02-11,1
47,8,236,2021-02-11,1
48,105,249,2021-02-11,1
48,1172,249,2021-02-11,1
49,1788,219,2021-02-11,1
49,52,219,2021-02-11,1
50,37,256,2021-02-11,1
51,81,259,2021-02-12,1
51,88,259,2021-02-12,1
51,141,259,2021-02-12,1
52,51,527,2021-02-13,2
52,195,527,2021-02-13,2
52,198,527,2021-02-13,2
53,521,396,2021-02-14,1
54,311,487,2021-02-14,1
54,2278,487,2021-02-14,1
55,106,304,2021-02-14,1
56,24,26,2021-02-15,1
57,108,212,2021-02-15,1
58,76,399,2021-02-17,2
59,515,84,2021-02-17,2
59,136,84,2021-02-17,2
59,92,84,2021-02-17,2
60,49,391,2021-02-17,2
60,189,391,2021-02-17,2
61,115,559,2021-02-17,2
61,300,559,2021-02-17,2
61,386,559,2021-02-17,2
62,1035,523,2021-02-17,2
62,321,523,2021-02-17,2
62,225,523,2021-02-17,2
63,391,196,2021-02-20,2
64,197,19,2021-02-22,1
65,23,10,2021-02-22,2
65,184,10,2021-02-22,1
66,1069,507,2021-02-22,2
67,100,218,2021-02-22,2
68,382,258,2021-02-24,1
68,421,258,2021-02-24,1
69,158,526,2021-02-26,1
70,85,88,2021-02-26,1
70,3668,88,2021-02-26,1
70,453,88,2021-02-26,1
71,50,69,2021-02-27,1
72,768,24,2021-02-27,1
72,336,24,2021-02-27,1
72,719,24,2021-02-27,1
73,157,7,2021-03-01,2
73,122,7,2021-03-01,2
74,516,578,2021-03-01,2
75,668,419,2021-03-01,1
76,255,56,2021-03-02,2
77,266,176,2021-03-02,2
78,150,513,2021-03-02,2
79,350,97,2021-03-02,2
80,210,334,2021-03-06,2
80,420,334,2021-03-06,2
80,606,334,2021-03-06,2
81,303,312,2021-03-06,2
81,242,312,2021-03-06,2
81,380,312,2021-03-06,2
82,125,379,2021-03-08,1
83,396,418,2021-03-10,2
83,370,418,2021-03-10,2
84,400,211,2021-03-11,2
85,262,61,2021-03-11,2
85,1051,61,2021-03-11,2
86,46,590,2021-03-11,2
86,888,590,2021-03-11,2
86,170,590,2021-03-11,2
87,29,188,2021-03-13,2
87,408,188,2021-03-13,2
87,968,188,2021-03-13,2
88,3240,588,2021-03-14,1
89,276,87,2021-03-14,1
89,203,87,2021-03-14,1
90,222,470,2021-03-14,1
90,1301,470,2021-03-14,1
90,217,470,2021-03-14,1
91,1706,236,2021-03-15,2
92,691,555,2021-03-15,2
92,405,555,2021-03-15,2
93,901,31,2021-03-16,1
93,896,31,2021-03-16,1
94,500,290,2021-03-16,1
94,41,290,2021-03-16,1
95,541,345,2021-03-17,2
96,2564,147,2021-03-17,2
96,567,147,2021-03-17,2
97,93,369,2021-03-19,2
98,283,415,2021-03-21,1
98,126,415,2021-03-21,1
99,45,402,2021-03-23,1
99,73,402,2021-03-23,2
100,98,322,2021-03-23,2
100,1448,322,2021-03-23,2
100,511,322,2021-03-23,2
101,1554,431,2021-03-23,1
101,3407,431,2021-03-23,1
102,1328,1,2021-03-23,1
103,1765,462,2021-03-24,2
103,107,462,2021-03-24,2
104,284,67,2021-03-24,2
104,1,67,2021-03-24,2
104,96,67,2021-03-24,2
105,1692,45,2021-03-24,2
106,2,519,2021-03-25,1
106,174,519,2021-03-25,1
107,503,343,2021-03-25,1
107,84,343,2021-03-25,1
108,248,391,2021-03-25,1
108,2738,391,2021-03-25,1
108,1286,391,2021-03-25,1
109,22,545,2021-03-26,2
110,3260,340,2021-03-28,1
110,914,340,2021-03-28,1
111,2761,462,2021-03-29,1
112,239,46,2021-03-29,1
112,101,46,2021-03-29,1
112,535,46,2021-03-29,2
113,580,225,2021-03-30,1
113,1776,225,2021-03-30,2
113,308,225,2021-03-30,1
114,1880,178,2021-03-31,1
114,338,178,2021-03-31,1
115,103,305,2021-03-31,2
115,553,305,2021-03-31,2
115,59,305,2021-03-31,1
116,176,566,2021-04-01,1
116,1623,566,2021-04-01,1
116,557,566,2021-04-01,2
117,188,156,2021-04-01,2
117,3155,156,2021-04-01,2
118,1342,426,2021-04-02,1
118,987,426,2021-04-02,1
118,2326,426,2021-04-02,1
119,2623,21,2021-04-02,1
119,33,21,2021-04-02,1
119,257,21,2021-04-02,1
120,278,598,2021-04-04,1
121,347,336,2021-04-05,2
121,488,336,2021-04-05,2
122,281,225,2021-04-06,2
122,42,225,2021-04-06,2
122,339,225,2021-04-06,2
123,207,492,2021-04-06,2
123,1029,492,2021-04-06,2
123,797,492,2021-04-06,2
124,324,182,2021-04-08,1
124,2360,182,2021-04-08,1
125,337,290,2021-04-08,3
125,313,290,2021-04-08,3
126,379,258,2021-04-09,3
126,802,258,2021-04-09,2
127,364,423,2021-04-10,1
127,1084,423,2021-04-10,1
128,1989,223,2021-04-10,1
128,1118,223,2021-04-10,2
128,743,223,2021-04-10,1
129,1313,154,2021-04-12,3
129,654,154,2021-04-12,3
129,377,154,2021-04-12,3
130,2874,279,2021-04-12,3
131,2367,59,2021-04-12,3
132,329,47,2021-04-12,3
132,418,47,2021-04-12,3
132,704,47,2021-04-12,3
133,1435,46,2021-04-13,1
133,314,46,2021-04-13,1
134,433,137,2021-04-13,1
135,109,478,2021-04-14,2
136,1330,374,2021-04-15,2
136,798,374,2021-04-15,2
136,39,374,2021-04-15,2
137,341,258,2021-04-15,2
138,767,104,2021-04-16,1
138,340,104,2021-04-16,1
138,414,104,2021-04-16,1
139,151,474,2021-04-16,1
139,427,474,2021-04-16,1
140,178,189,2021-04-17,3
140,591,189,2021-04-17,3
141,892,362,2021-04-17,3
142,1134,16,2021-04-18,1
142,61,16,2021-04-18,1
143,214,122,2021-04-22,2
143,78,122,2021-04-22,2
143,763,122,2021-04-22,1
144,1234,196,2021-04-23,2
144,79,196,2021-04-23,2
145,219,276,2021-04-23,1
145,2507,276,2021-04-23,1
146,771,232,2021-04-23,2
146,602,232,2021-04-23,2
147,137,263,2021-04-24,2
147,424,263,2021-04-24,3
148,331,163,2021-04-25,1
148,829,163,2021-04-25,1
148,2402,163,2021-04-25,1
149,234,17,2021-04-25,1
150,619,482,2021-04-28,3
151,1965,311,2021-04-30,2
151,777,311,2021-04-30,2
152,342,13,2021-05-02,1
152,945,13,2021-05-02,1
152,920,13,2021-05-02,1
153,2425,281,2021-05-03,3
153,1395,281,2021-05-03,3
153,1033,281,2021-05-03,3
154,457,143,2021-05-03,3
155,2815,332,2021-05-03,3
155,348,332,2021-05-03,3
155,476,332,2021-05-03,3
156,9,456,2021-05-03,3
156,722,456,2021-05-03,3
156,397,456,2021-05-03,3
157,1471,287,2021-05-04,2
157,40,287,2021-05-04,2
158,265,459,2021-05-05,2
158,2433,459,2021-05-05,2
158,787,459,2021-05-05,2
159,66,322,2021-05-05,2
159,179,322,2021-05-05,2
159,91,322,2021-05-05,2
160,3234,358,2021-05-05,2
161,506,10,2021-05-05,2
162,600,484,2021-05-06,1
162,83,484,2021-05-06,1
162,75,484,2021-05-06,1
163,2449,188,2021-05-08,1
164,474,591,2021-05-08,1
164,187,591,2021-05-08,1
164,1057,591,2021-05-08,1
165,142,287,2021-05-09,1
165,1148,287,2021-05-09,1
166,94,582,2021-05-10,2
167,56,52,2021-05-10,2
168,821,435,2021-05-10,2
169,267,176,2021-05-11,1
169,1663,176,2021-05-11,2
169,140,176,2021-05-11,2
170,818,3,2021-05-11,2
170,193,3,2021-05-11,1
171,359,515,2021-05-11,2
171,1179,515,2021-05-11,2
172,132,507,2021-05-11,1
172,310,507,2021-05-11,2
172,454,507,2021-05-11,2
173,53,273,2021-05-14,1
173,836,273,2021-05-14,1
173,437,273,2021-05-14,1
174,2524,376,2021-05-15,3
175,95,316,2021-05-15,2
175,110,316,2021-05-15,2
175,402,316,2021-05-15,2
176,2695,465,2021-05-16,1
177,366,552,2021-05-17,1
177,86,552,2021-05-17,1
178,1126,358,2021-05-18,2
179,824,136,2021-05-19,2
179,1230,136,2021-05-19,2
180,77,570,2021-05-19,2
181,404,103,2021-05-19,2
182,463,17,2021-05-20,2
183,146,471,2021-05-21,1
183,854,471,2021-05-21,1
183,121,471,2021-05-21,1
184,1157,153,2021-05-21,1
185,294,528,2021-05-22,2
186,354,416,2021-05-22,2
187,112,480,2021-05-22,2
188,1825,23,2021-05-22,2
188,1585,23,2021-05-22,2
189,1656,202,2021-05-23,1
189,745,202,2021-05-23,1
190,1161,141,2021-05-23,1
190,3291,141,2021-05-23,1
190,1521,141,2021-05-23,1
191,128,571,2021-05-23,1
192,805,385,2021-05-23,1
192,1254,385,2021-05-23,1
192,1203,385,2021-05-23,1
193,813,552,2021-05-24,2
193,149,552,2021-05-24,2
193,1061,552,2021-05-24,2
194,97,221,2021-05-26,1
194,442,221,2021-05-26,3
195,936,439,2021-05-27,1
195,152,439,2021-05-27,1
196,102,574,2021-05-27,1
196,1616,574,2021-05-27,1
196,148,574,2021-05-27,1
197,212,386,2021-05-28,3
197,497,386,2021-05-28,1
197,2736,386,2021-05-28,1
198,508,441,2021-05-28,3
198,135,441,2021-05-28,3
198,468,441,2021-05-28,1
199,2839,317,2021-05-29,1
199,1546,317,2021-05-29,1
200,1651,282,2021-05-29,1
200,2840,282,2021-05-29,1
201,556,187,2021-06-01,1
201,612,187,2021-06-01,1
202,638,177,2021-06-02,1
203,1979,197,2021-06-03,1
203,69,197,2021-06-03,1
204,309,44,2021-06-04,2
205,2132,46,2021-06-09,1
205,964,46,2021-06-09,3
205,334,46,2021-06-09,3
206,165,191,2021-06-10,3
207,155,152,2021-06-10,3
207,1014,152,2021-06-10,3
207,491,152,2021-06-10,3
208,2488,378,2021-06-12,2
208,1853,378,2021-06-12,2
209,1204,587,2021-06-12,2
209,867,587,2021-06-12,2
209,368,587,2021-06-12,2
210,355,435,2021-06-13,1
210,2944,435,2021-06-13,1
211,1226,366,2021-06-15,3
212,159,6,2021-06-15,3
212,138,6,2021-06-15,3
213,293,531,2021-06-16,1
214,160,202,2021-06-16,3
215,1093,321,2021-06-17,2
216,270,344,2021-06-17,2
216,1213,344,2021-06-17,2
216,513,344,2021-06-17,2
217,412,10,2021-06-18,2
218,237,173,2021-06-18,2
218,162,173,2021-06-18,2
218,1908,173,2021-06-18,2
219,166,188,2021-06-19,1
219,120,188,2021-06-19,1
219,853,188,2021-06-19,1
220,1763,409,2021-06-20,1
220,2121,409,2021-06-20,1
221,82,98,2021-06-20,1
222,989,126,2021-06-21,1
222,3012,126,2021-06-21,1
222,622,126,2021-06-21,1
223,1205,260,2021-06-21,1
224,273,586,2021-06-22,3
224,295,586,2021-06-22,3
225,71,352,2021-06-22,3
226,494,91,2021-06-22,3
227,60,179,2021-06-22,3
227,185,179,2021-06-22,3
227,637,179,2021-06-22,3
228,2445,198,2021-06-22,3
228,1472,198,2021-06-22,3
228,1486,198,2021-06-22,3
229,3528,28,2021-06-23,1
229,1087,28,2021-06-23,1
229,1506,28,2021-06-23,1
230,372,500,2021-06-24,3
231,322,591,2021-06-25,2
231,547,591,2021-06-25,2
231,534,591,2021-06-25,2
232,1629,559,2021-06-25,2
233,1053,600,2021-06-27,1
233,451,600,2021-06-27,1
233,1437,600,2021-06-27,1
234,455,287,2021-06-30,2
234,139,287,2021-06-30,1
235,387,145,2021-07-01,3
235,517,145,2021-07-01,3
235,1500,145,2021-07-01,3
236,70,406,2021-07-01,3
236,383,406,2021-07-01,2
236,365,406,2021-07-01,2
237,536,155,2021-07-03,3
238,1027,220,2021-07-04,1
239,104,126,2021-07-08,2
239,3413,126,2021-07-08,2
239,426,126,2021-07-08,2
240,2685,577,2021-07-08,2
240,578,577,2021-07-08,3
240,247,577,2021-07-08,2
241,3242,19,2021-07-08,3
242,74,430,2021-07-08,2
242,312,430,2021-07-08,3
243,2110,258,2021-07-09,1
243,568,258,2021-07-09,3
244,204,168,2021-07-09,1
244,717,168,2021-07-09,1
245,183,473,2021-07-11,1
245,223,473,2021-07-11,1
245,395,473,2021-07-11,1
246,3280,123,2021-07-12,2
247,573,9,2021-07-12,1
247,1646,9,2021-07-12,2
248,540,372,2021-07-13,1
249,114,289,2021-07-15,3
249,229,289,2021-07-15,3
250,466,531,2021-07-16,3
251,579,395,2021-07-17,2
251,431,395,2021-07-17,2
252,1495,343,2021-07-17,2
252,753,343,2021-07-17,2
252,1253,343,2021-07-17,3
253,483,95,2021-07-18,1
253,2678,95,2021-07-18,1
254,231,279,2021-07-18,1
254,1798,279,2021-07-18,1
254,566,279,2021-07-18,1
255,649,477,2021-07-18,1
256,430,296,2021-07-20,1
256,258,296,2021-07-20,1
256,118,296,2021-07-20,1
257,1634,322,2021-07-20,1
257,440,322,2021-07-20,1
257,467,322,2021-07-20,1
258,307,295,2021-07-21,3
258,253,295,2021-07-21,3
259,163,9,2021-07-21,3
260,472,326,2021-07-23,1
260,1105,326,2021-07-23,1
261,2307,135,2021-07-23,1
261,1649,135,2021-07-23,1
261,1088,135,2021-07-23,1
262,448,340,2021-07-24,3
263,353,58,2021-07-26,1
263,484,58,2021-07-26,1
263,646,58,2021-07-26,1
264,469,459,2021-07-26,1
265,694,400,2021-07-29,1
266,117,363,2021-07-29,2
266,709,363,2021-07-29,2
266,2342,363,2021-07-29,1
267,2057,567,2021-07-30,3
268,487,177,2021-07-30,3
269,3572,214,2021-07-30,3
269,585,214,2021-07-30,3
269,830,214,2021-07-30,3
270,123,576,2021-07-30,3
271,661,157,2021-07-30,3
271,2744,157,2021-07-30,3
271,72,157,2021-07-30,3
272,3143,546,2021-07-31,2
272,1322,546,2021-07-31,2
273,417,449,2021-07-31,2
273,489,449,2021-07-31,2
273,301,449,2021-07-31,2
274,538,260,2021-08-01,1
274,1914,260,2021-08-01,1
275,1156,137,2021-08-03,2
276,2636,276,2021-08-03,2
276,848,276,2021-08-03,3
276,475,276,2021-08-03,2
277,3244,110,2021-08-05,1
277,923,110,2021-08-05,3
277,1004,110,2021-08-05,3
278,530,4,2021-08-05,3
278,1219,4,2021-08-05,1
279,2873,498,2021-08-05,1
279,168,498,2021-08-05,3
279,3673,498,2021-08-05,1
280,2006,141,2021-08-05,3
280,192,141,2021-08-05,3
281,2831,186,2021-08-06,2
282,727,237,2021-08-09,1
282,124,237,2021-08-09,3
282,206,237,2021-08-09,1
283,3607,286,2021-08-09,1
284,423,414,2021-08-10,2
285,2361,588,2021-08-10,2
286,1584,241,2021-08-11,2
287,794,394,2021-08-11,2
287,2401,394,2021-08-11,2
288,196,74,2021-08-13,3
288,344,74,2021-08-13,2
288,617,74,2021-08-13,2
289,156,203,2021-08-15,1
290,537,16,2021-08-15,1
290,2048,16,2021-08-15,1
291,554,194,2021-08-16,3
291,3040,194,2021-08-16,3
292,1255,114,2021-08-16,3
292,686,114,2021-08-16,3
292,292,114,2021-08-16,3
293,194,120,2021-08-16,3
294,224,355,2021-08-16,3
294,235,355,2021-08-16,3
295,238,565,2021-08-18,1
296,1770,169,2021-08-18,1
296,520,169,2021-08-18,1
297,499,206,2021-08-23,3
298,236,437,2021-08-23,1
299,358,266,2021-08-26,3
300,1075,458,2021-08-27,3
301,199,452,2021-08-29,1
301,1988,452,2021-08-29,1
302,1279,52,2021-08-29,1
303,608,304,2021-08-30,1
303,381,304,2021-08-30,1
303,1294,304,2021-08-30,1
304,1652,328,2021-08-31,3
304,665,328,2021-08-31,3
304,3106,328,2021-08-31,3
305,1164,126,2021-09-01,3
305,632,126,2021-09-01,3
306,1947,225,2021-09-01,3
306,687,225,2021-09-01,3
306,1669,225,2021-09-01,3
307,1228,534,2021-09-02,2
308,526,253,2021-09-02,2
308,450,253,2021-09-02,2
309,250,525,2021-09-02,1
309,2628,525,2021-09-02,2
310,1357,519,2021-09-04,1
310,1232,519,2021-09-04,2
311,667,87,2021-09-08,3
311,385,87,2021-09-08,3
312,2308,157,2021-09-08,3
312,316,157,2021-09-08,3
313,539,188,2021-09-09,1
314,1699,322,2021-09-09,1
315,549,257,2021-09-10,2
315,659,257,2021-09-10,3
315,1492,257,2021-09-10,3
316,1772,39,2021-09-10,3
316,616,39,2021-09-10,3
317,1310,224,2021-09-12,1
318,2148,476,2021-09-13,2
319,724,336,2021-09-14,1
319,934,336,2021-09-14,2
320,249,208,2021-09-16,3
320,618,208,2021-09-16,3
321,169,237,2021-09-17,3
321,1288,237,2021-09-17,3
321,1575,237,2021-09-17,3
322,1978,206,2021-09-17,3
323,651,389,2021-09-18,3
323,1013,389,2021-09-18,3
324,631,462,2021-09-18,3
324,644,462,2021-09-18,3
324,2213,462,2021-09-18,3
325,2088,452,2021-09-18,3
325,1691,452,2021-09-18,3
326,907,487,2021-09-18,3
326,730,487,2021-09-18,3
327,705,411,2021-09-18,3
327,751,411,2021-09-18,3
328,795,26,2021-09-20,2
329,254,5,2021-09-20,1
329,252,5,2021-09-20,1
330,462,479,2021-09-21,2
330,748,479,2021-09-21,2
330,478,479,2021-09-21,2
331,1681,492,2021-09-21,2
332,1733,568,2021-09-22,2
332,693,568,2021-09-22,2
332,362,568,2021-09-22,2
333,703,294,2021-09-22,2
334,2312,304,2021-09-23,3
334,822,304,2021-09-23,3
335,2485,428,2021-09-23,3
335,2081,428,2021-09-23,3
335,2274,428,2021-09-23,3
336,213,457,2021-09-24,3
337,403,598,2021-09-24,3
337,288,598,2021-09-24,3
338,298,499,2021-09-24,3
338,1304,499,2021-09-24,3
338,544,499,2021-09-24,3
339,1340,153,2021-09-25,1
339,2073,153,2021-09-25,3
339,3008,153,2021-09-25,1
340,259,589,2021-09-25,1
340,1837,589,2021-09-25,3
340,406,589,2021-09-25,1
341,2585,532,2021-09-25,3
341,2494,532,2021-09-25,3
342,460,310,2021-09-26,1
343,1024,499,2021-09-28,3
343,3011,499,2021-09-28,3
344,2305,353,2021-09-29,3
344,2613,353,2021-09-29,3
344,3017,353,2021-09-29,3
345,2034,579,2021-09-29,3
346,2694,148,2021-09-30,1
347,525,197,2021-09-30,3
347,634,197,2021-09-30,1
347,3021,197,2021-09-30,1
348,464,413,2021-09-30,1
348,333,413,2021-09-30,1
348,2248,413,2021-09-30,1
349,937,338,2021-09-30,3
349,645,338,2021-09-30,3
349,796,338,2021-09-30,1
350,3169,78,2021-09-30,3
350,838,78,2021-09-30,3
350,1195,78,2021-09-30,3
351,961,195,2021-10-01,2
351,3109,195,2021-10-01,2
352,2807,480,2021-10-02,2
352,3161,480,2021-10-02,2
353,856,421,2021-10-02,2
353,422,421,2021-10-02,2
354,1346,466,2021-10-03,1
355,180,352,2021-10-03,1
356,129,79,2021-10-03,1
356,1956,79,2021-10-03,1
356,215,79,2021-10-03,1
357,2080,405,2021-10-03,1
357,407,405,2021-10-03,1
358,220,233,2021-10-03,1
358,546,233,2021-10-03,1
359,3105,224,2021-10-04,1
359,2644,224,2021-10-04,1
360,413,191,2021-10-06,2
360,548,191,2021-10-06,2
361,1246,14,2021-10-06,2
361,228,14,2021-10-06,2
362,1363,68,2021-10-06,2
363,3401,437,2021-10-07,1
363,1426,437,2021-10-07,1
364,597,476,2021-10-07,1
364,862,476,2021-10-07,1
365,2067,325,2021-10-07,1
366,133,245,2021-10-07,1
366,272,245,2021-10-07,1
367,446,189,2021-10-09,3
367,3252,189,2021-10-09,3
368,274,566,2021-10-10,1
369,315,394,2021-10-12,3
369,465,394,2021-10-12,3
370,456,114,2021-10-12,3
370,881,114,2021-10-12,3
371,1441,294,2021-10-14,2
371,1248,294,2021-10-14,2
371,587,294,2021-10-14,2
372,1838,467,2021-10-15,2
372,3292,467,2021-10-15,2
373,698,228,2021-10-15,2
373,3139,228,2021-10-15,2
373,1491,228,2021-10-15,2
374,320,427,2021-10-16,2
374,3254,427,2021-10-16,2
374,345,427,2021-10-16,3
375,518,80,2021-10-16,2
375,2382,80,2021-10-16,3
376,699,395,2021-10-18,1
376,227,395,2021-10-18,2
376,1545,395,2021-10-18,2
377,2424,577,2021-10-18,2
378,858,99,2021-10-18,2
379,2801,93,2021-10-19,1
379,3142,93,2021-10-19,1
379,1513,93,2021-10-19,1
380,911,99,2021-10-19,1
380,127,99,2021-10-19,1
381,1941,538,2021-10-21,2
382,995,414,2021-10-21,1
382,1049,414,2021-10-21,2
382,607,414,2021-10-21,1
383,785,330,2021-10-22,2
383,3556,330,2021-10-22,3
384,3526,120,2021-10-24,1
385,733,369,2021-10-26,3
386,993,573,2021-10-27,3
387,263,267,2021-10-27,3
387,529,267,2021-10-27,1
388,507,222,2021-10-28,3
388,510,222,2021-10-28,3
389,305,17,2021-10-29,1
389,595,17,2021-10-29,1
390,172,62,2021-10-29,1
390,744,62,2021-10-29,1
390,306,62,2021-10-29,1
391,677,25,2021-10-30,1
392,390,576,2021-10-30,1
393,346,509,2021-10-30,1
393,175,509,2021-10-30,1
394,2916,402,2021-10-31,1
394,532,402,2021-10-31,1
395,3327,517,2021-10-31,1
395,565,517,2021-10-31,1
395,323,517,2021-10-31,1
396,398,454,2021-11-01,2
397,605,546,2021-11-02,2
398,1368,350,2021-11-02,3
399,1094,532,2021-11-02,3
399,3385,532,2021-11-02,2
400,2390,301,2021-11-02,2
400,3245,301,2021-11-02,2
400,757,301,2021-11-02,3
401,1110,597,2021-11-02,3
401,134,597,2021-11-02,2
402,623,237,2021-11-03,3
402,831,237,2021-11-03,3
402,1007,237,2021-11-03,3
403,1155,251,2021-11-03,3
403,1766,251,2021-11-03,3
403,356,251,2021-11-03,3
404,639,172,2021-11-03,3
404,1000,172,2021-11-03,3
404,1767,172,2021-11-03,3
405,1398,310,2021-11-04,1
405,660,310,2021-11-04,1
406,788,504,2021-11-05,2
406,543,504,2021-11-05,2
407,201,82,2021-11-06,2
408,603,343,2021-11-06,2
409,1016,562,2021-11-07,1
409,551,562,2021-11-07,1
410,3190,222,2021-11-07,1
410,561,222,2021-11-07,1
411,1844,472,2021-11-08,2
412,1557,240,2021-11-08,2
412,181,240,2021-11-08,1
413,1043,570,2021-11-09,1
414,855,420,2021-11-09,1
414,335,420,2021-11-09,2
415,3428,186,2021-11-10,1
416,367,580,2021-11-10,2
417,143,33,2021-11-15,1
417,2417,33,2021-11-15,1
418,2509,335,2021-11-15,1
418,1852,335,2021-11-15,1
418,570,335,2021-11-15,1
419,2003,279,2021-11-16,1
420,1083,418,2021-11-16,1
421,3591,542,2021-11-17,2
422,734,237,2021-11-19,1
423,942,544,2021-11-19,3
424,512,417,2021-11-19,1
424,2697,417,2021-11-19,1
425,144,72,2021-11-19,1
425,1855,72,2021-11-19,3
425,1622,72,2021-11-19,1
426,986,548,2021-11-19,3
426,652,548,2021-11-19,1
427,392,524,2021-11-21,1
428,3703,480,2021-11-22,3
428,592,480,2021-11-22,3
428,226,480,2021-11-22,3
429,814,447,2021-11-22,3
430,2023,36,2021-11-24,2
430,779,36,2021-11-24,2
431,399,92,2021-11-24,2
431,1264,92,2021-11-24,2
431,2483,92,2021-11-24,1
432,1405,459,2021-11-27,4
433,2194,374,2021-11-27,2
433,1296,374,2021-11-27,4
434,866,405,2021-11-30,1
434,835,405,2021-11-30,1
434,415,405,2021-11-30,4
435,885,265,2021-12-01,3
435,842,265,2021-12-01,4
435,931,265,2021-12-01,1
436,1028,144,2021-12-02,1
436,552,144,2021-12-02,2
436,2142,144,2021-12-02,1
437,2005,376,2021-12-03,3
437,656,376,2021-12-03,4
438,1037,262,2021-12-04,1
439,675,268,2021-12-04,1
439,671,268,2021-12-04,1
440,182,460,2021-12-06,3
440,1052,460,2021-12-06,3
440,145,460,2021-12-06,3
441,1089,365,2021-12-06,3
441,692,365,2021-12-06,3
442,865,360,2021-12-06,3
442,275,360,2021-12-06,3
442,883,360,2021-12-06,3
443,2630,332,2021-12-06,3
443,1045,332,2021-12-06,3
443,706,332,2021-12-06,3
444,954,416,2021-12-06,3
445,764,8,2021-12-07,4
445,997,8,2021-12-07,1
445,2886,8,2021-12-07,2
446,1547,111,2021-12-08,1
446,1098,111,2021-12-08,1
447,2948,223,2021-12-09,4
447,1207,223,2021-12-09,1
448,887,84,2021-12-10,4
448,766,84,2021-12-10,4
449,906,429,2021-12-11,2
449,419,429,2021-12-11,2
449,662,429,2021-12-11,2
450,909,506,2021-12-11,2
451,641,217,2021-12-11,2
452,286,45,2021-12-12,1
452,810,45,2021-12-12,1
453,1350,487,2021-12-14,4
454,672,451,2021-12-14,4
454,1588,451,2021-12-14,4
454,621,451,2021-12-14,3
455,147,31,2021-12-16,3
455,1392,31,2021-12-16,3
456,1741,128,2021-12-16,3
456,218,128,2021-12-16,3
456,240,128,2021-12-16,3
457,447,587,2021-12-17,3
458,839,258,2021-12-17,3
459,1214,574,2021-12-17,3
459,965,574,2021-12-17,3
459,880,574,2021-12-17,3
460,153,540,2021-12-18,3
460,697,540,2021-12-18,3
461,369,354,2021-12-18,3
462,1073,545,2021-12-18,3
462,850,545,2021-12-18,3
462,2615,545,2021-12-18,3
463,241,370,2021-12-20,3
464,1836,115,2021-12-20,3
465,924,161,2021-12-22,2
465,3113,161,2021-12-22,2
466,246,595,2021-12-22,1
466,908,595,2021-12-22,1
466,1001,595,2021-12-22,2
467,2759,327,2021-12-22,2
468,981,169,2021-12-22,1
469,860,580,2021-12-24,2
469,946,580,2021-12-24,4
469,1261,580,2021-12-24,4
470,256,493,2021-12-24,2
470,3002,493,2021-12-24,2
470,1003,493,2021-12-24,4
471,1136,7,2021-12-25,4
472,3273,137,2021-12-25,2
473,2404,412,2021-12-26,1
473,1091,412,2021-12-26,1
473,3047,412,2021-12-26,1
474,1149,187,2021-12-26,1
474,243,187,2021-12-26,1
474,1065,187,2021-12-26,1
475,629,486,2021-12-26,1
476,416,294,2021-12-27,4
477,1066,516,2021-12-27,4
477,161,516,2021-12-27,4
477,1124,516,2021-12-27,4
478,3268,208,2021-12-27,4
478,260,208,2021-12-27,4
478,164,208,2021-12-27,4
479,2074,29,2021-12-27,4
479,1590,29,2021-12-27,4
479,280,29,2021-12-27,4
480,1132,531,2021-12-28,3
480,664,531,2021-12-28,2
481,2461,92,2021-12-29,4
481,287,92,2021-12-29,3
481,770,92,2021-12-29,3
482,1197,294,2021-12-29,3
482,1529,294,2021-12-29,3
482,685,294,2021-12-29,4
483,1019,458,2021-12-31,3
483,445,458,2021-12-31,2
484,1613,246,2021-12-31,3
484,3394,246,2021-12-31,2
484,782,246,2021-12-31,3
485,564,476,2022-01-01,2
485,473,476,2022-01-01,2
485,167,476,2022-01-01,2
486,2820,94,2022-01-01,2
486,3050,94,2022-01-01,2
487,2956,120,2022-01-02,1
487,969,120,2022-01-02,1
487,811,120,2022-01-02,1
488,2114,291,2022-01-02,1
488,495,291,2022-01-02,1
489,3418,573,2022-01-02,1
489,1026,573,2022-01-02,1
490,1010,553,2022-01-02,1
491,458,96,2022-01-02,1
491,859,96,2022-01-02,1
491,996,96,2022-01-02,1
492,1249,508,2022-01-03,1
492,1262,508,2022-01-03,2
492,825,508,2022-01-03,2
493,871,203,2022-01-03,3
494,1038,138,2022-01-03,2
494,971,138,2022-01-03,3
495,2698,234,2022-01-03,3
495,2161,234,2022-01-03,1
495,1444,234,2022-01-03,2
496,1031,224,2022-01-03,1
497,2038,589,2022-01-04,4
497,1211,589,2022-01-04,4
497,514,589,2022-01-04,4
498,935,591,2022-01-04,1
498,994,591,2022-01-04,1
499,1222,168,2022-01-04,4
499,1139,168,2022-01-04,1
500,1039,31,2022-01-04,1
500,1046,31,2022-01-04,4
501,519,305,2022-01-04,1
501,670,305,2022-01-04,4
502,1058,354,2022-01-05,1
503,572,562,2022-01-05,1
503,1059,562,2022-01-05,1
503,297,562,2022-01-05,1
504,939,13,2022-01-05,1
504,325,13,2022-01-05,1
505,1478,409,2022-01-06,2
505,2723,409,2022-01-06,2
506,741,320,2022-01-07,4
507,713,291,2022-01-07,4
507,1609,291,2022-01-07,4
508,3313,226,2022-01-07,4
509,878,558,2022-01-07,4
510,1071,462,2022-01-08,1
510,1782,462,2022-01-08,1
510,3004,462,2022-01-08,2
511,3121,189,2022-01-08,2
512,3203,70,2022-01-08,3
512,1644,70,2022-01-08,2
513,357,363,2022-01-08,2
513,2721,363,2022-01-08,3
513,2086,363,2022-01-08,3
514,2167,27,2022-01-08,1
514,171,27,2022-01-08,1
515,714,536,2022-01-09,1
516,3517,237,2022-01-10,4
517,1067,441,2022-01-11,3
518,716,411,2022-01-11,3
518,1784,411,2022-01-11,2
519,1095,350,2022-01-11,2
519,361,350,2022-01-11,3
520,584,24,2022-01-11,2
521,1326,167,2022-01-11,3
522,279,45,2022-01-13,2
522,2186,45,2022-01-13,4
523,1090,97,2022-01-13,4
523,666,97,2022-01-13,4
523,477,97,2022-01-13,2
524,1096,553,2022-01-13,4
524,624,553,2022-01-13,3
525,1056,549,2022-01-13,4
525,1657,549,2022-01-13,4
525,1293,549,2022-01-13,3
526,756,324,2022-01-14,2
526,1795,324,2022-01-14,4
527,650,472,2022-01-14,3
527,1125,472,2022-01-14,3
527,1822,472,2022-01-14,4
528,575,550,2022-01-14,3
528,1150,550,2022-01-14,3
529,1263,417,2022-01-14,2
529,1828,417,2022-01-14,4
530,1689,327,2022-01-14,3
531,1757,81,2022-01-15,2
531,1299,81,2022-01-15,2
531,861,81,2022-01-15,2
532,673,542,2022-01-16,1
533,894,200,2022-01-17,2
534,740,270,2022-01-17,4
534,978,270,2022-01-17,1
534,1147,270,2022-01-17,4
535,401,536,2022-01-17,2
535,1201,536,2022-01-17,4
536,1866,244,2022-01-17,1
536,988,244,2022-01-17,2
537,588,366,2022-01-18,2
537,2851,366,2022-01-18,1
537,3023,366,2022-01-18,1
538,1373,77,2022-01-18,2
538,3083,77,2022-01-18,1
538,1111,77,2022-01-18,2
539,2195,80,2022-01-18,1
539,952,80,2022-01-18,1
539,1300,80,2022-01-18,2
540,758,308,2022-01-18,2
541,1020,439,2022-01-18,1
541,1308,439,2022-01-18,2
542,1011,244,2022-01-19,3
542,486,244,2022-01-19,3
542,827,244,2022-01-19,3
543,1482,525,2022-01-20,1
543,701,525,2022-01-20,2
544,3546,563,2022-01-20,2
544,1402,563,2022-01-20,2
544,999,563,2022-01-20,2
545,3678,254,2022-01-21,3
545,2206,254,2022-01-21,4
546,841,68,2022-01-21,4
546,1240,68,2022-01-21,4
547,1193,429,2022-01-21,4
548,760,521,2022-01-22,3
549,2806,350,2022-01-22,4
549,1302,350,2022-01-22,4
549,1826,350,2022-01-22,3
550,3275,555,2022-01-23,1
550,873,555,2022-01-23,1
551,1025,339,2022-01-23,1
551,1072,339,2022-01-23,1
552,728,450,2022-01-23,1
552,1409,450,2022-01-23,1
552,1002,450,2022-01-23,1
553,290,403,2022-01-25,2
553,443,403,2022-01-25,2
553,2889,403,2022-01-25,1
554,496,73,2022-01-25,2
554,291,73,2022-01-25,1
555,1198,194,2022-01-25,2
555,628,194,2022-01-25,3
555,1200,194,2022-01-25,2
556,636,419,2022-01-26,4
556,702,419,2022-01-26,1
556,882,419,2022-01-26,4
557,191,485,2022-01-27,2
557,302,485,2022-01-27,4
558,3289,134,2022-01-27,2
558,2526,134,2022-01-27,2
559,1829,554,2022-01-27,2
559,1501,554,2022-01-27,4
560,3315,595,2022-01-27,4
561,1359,351,2022-01-28,3
561,1459,351,2022-01-28,3
562,1102,241,2022-01-28,3
563,739,134,2022-01-28,3
563,2894,134,2022-01-28,3
564,1849,259,2022-01-29,4
565,1152,65,2022-01-29,4
565,299,65,2022-01-29,4
566,1217,288,2022-01-29,4
566,1223,288,2022-01-29,4
567,1894,302,2022-01-29,4
567,1682,302,2022-01-29,4
567,663,302,2022-01-29,4
568,721,88,2022-01-30,1
568,823,88,2022-01-30,1
568,774,88,2022-01-30,1
569,1962,522,2022-01-30,1
569,1224,522,2022-01-30,1
570,3472,318,2022-01-30,1
571,470,91,2022-01-31,4
571,200,91,2022-01-31,4
572,726,402,2022-01-31,4
572,1321,402,2022-01-31,4
573,1618,65,2022-01-31,4
573,1159,65,2022-01-31,4
573,843,65,2022-01-31,4
574,1621,50,2022-02-02,2
574,847,50,2022-02-02,2
574,799,50,2022-02-02,2
575,1625,252,2022-02-02,2
576,1311,480,2022-02-02,2
576,819,480,2022-02-02,2
577,1040,83,2022-02-02,2
577,343,83,2022-02-02,2
578,2095,118,2022-02-03,4
578,318,118,2022-02-03,3
579,1314,269,2022-02-03,4
580,900,124,2022-02-04,4
581,577,561,2022-02-04,2
581,1399,561,2022-02-04,4
582,436,49,2022-02-04,4
582,1980,49,2022-02-04,4
583,864,581,2022-02-04,4
584,1745,201,2022-02-05,3
585,351,335,2022-02-06,1
585,205,335,2022-02-06,1
585,1715,335,2022-02-06,1
586,1247,52,2022-02-06,1
586,895,52,2022-02-06,1
587,3372,124,2022-02-06,1
587,1189,124,2022-02-06,1
588,2087,555,2022-02-07,3
588,482,555,2022-02-07,5
588,599,555,2022-02-07,3
589,481,25,2022-02-08,2
589,905,25,2022-02-08,2
590,1526,2,2022-02-08,2
590,360,2,2022-02-08,2
590,1183,2,2022-02-08,2
591,1259,553,2022-02-08,2
591,1605,553,2022-02-08,2
591,933,553,2022-02-08,2
592,1751,542,2022-02-08,2
592,844,542,2022-02-08,2
592,1607,542,2022-02-08,2
593,504,241,2022-02-08,2
593,2191,241,2022-02-08,2
593,669,241,2022-02-08,2
594,1933,79,2022-02-10,2
594,505,79,2022-02-10,2
595,2627,13,2022-02-10,2
596,874,563,2022-02-10,2
597,1406,408,2022-02-10,2
597,929,408,2022-02-10,2
597,1256,408,2022-02-10,2
598,1178,222,2022-02-11,3
598,2199,222,2022-02-11,3
598,957,222,2022-02-11,3
599,3391,561,2022-02-12,2
599,527,561,2022-02-12,2
600,1220,414,2022-02-14,5
601,992,386,2022-02-14,4
602,373,395,2022-02-16,2
602,208,395,2022-02-16,2
602,991,395,2022-02-16,2
603,1060,465,2022-02-16,2
603,2887,465,2022-02-16,2
604,2999,507,2022-02-17,5
604,1371,507,2022-02-17,1
605,409,523,2022-02-17,5
605,411,523,2022-02-17,5
605,875,523,2022-02-17,1
606,1374,192,2022-02-19,5
606,1768,192,2022-02-19,5
606,2911,192,2022-02-19,5
607,1936,118,2022-02-19,3
607,680,118,2022-02-19,3
607,951,118,2022-02-19,5
608,1272,481,2022-02-19,5
609,1190,299,2022-02-22,2
609,904,299,2022-02-22,4
610,1953,472,2022-02-24,3
610,1275,472,2022-02-24,3
610,1401,472,2022-02-24,3
611,211,463,2022-02-24,3
611,1781,463,2022-02-24,3
612,2922,225,2022-02-24,3
613,221,255,2022-02-25,3
613,2031,255,2022-02-25,3
613,432,255,2022-02-25,3
614,438,260,2022-02-25,3
614,1749,260,2022-02-25,3
615,1383,122,2022-02-25,3
616,3131,13,2022-02-25,3
616,449,13,2022-02-25,3
617,1209,85,2022-02-26,3
617,1416,85,2022-02-26,3
617,2209,85,2022-02-26,3
618,922,60,2022-02-26,3
619,1414,517,2022-02-26,3
619,1422,517,2022-02-26,3
620,2106,209,2022-02-26,3
620,614,209,2022-02-26,3
620,1600,209,2022-02-26,3
621,1099,367,2022-02-27,1
621,1796,367,2022-02-27,1
621,1078,367,2022-02-27,1
622,2160,333,2022-02-27,1
623,1630,296,2022-02-28,1
623,232,296,2022-02-28,3
623,1335,296,2022-02-28,1
624,1428,307,2022-02-28,3
624,492,307,2022-02-28,1
624,1109,307,2022-02-28,1
625,979,488,2022-03-01,3
626,245,285,2022-03-01,3
627,3173,1,2022-03-01,3
628,533,332,2022-03-01,3
628,490,332,2022-03-01,4
628,1187,332,2022-03-01,3
629,1365,451,2022-03-03,2
629,696,451,2022-03-03,2
629,555,451,2022-03-03,2
630,1265,439,2022-03-03,2
630,261,439,2022-03-03,2
631,1055,18,2022-03-03,2
631,1415,18,2022-03-03,2
631,1107,18,2022-03-03,5
632,2224,591,2022-03-03,2
632,1221,591,2022-03-03,2
633,2045,316,2022-03-03,2
633,264,316,2022-03-03,5
634,1457,21,2022-03-04,3
634,2281,21,2022-03-04,3
634,3019,21,2022-03-04,1
635,2288,19,2022-03-05,4
635,2387,19,2022-03-05,4
636,268,210,2022-03-05,4
636,1295,210,2022-03-05,4
636,712,210,2022-03-05,4
637,963,154,2022-03-05,4
637,718,154,2022-03-05,4
637,1869,154,2022-03-05,4
638,1034,255,2022-03-06,1
638,2059,255,2022-03-06,1
639,1876,263,2022-03-06,1
640,1522,113,2022-03-07,5
641,735,324,2022-03-07,5
641,1270,324,2022-03-07,4
642,1645,272,2022-03-08,4
642,1108,272,2022-03-08,4
642,1430,272,2022-03-08,4
643,528,550,2022-03-08,4
643,542,550,2022-03-08,5
643,1653,550,2022-03-08,4
644,560,153,2022-03-08,4
644,2411,153,2022-03-08,4
645,918,321,2022-03-08,5
646,1324,81,2022-03-08,5
646,1151,81,2022-03-08,5
646,1887,81,2022-03-08,5
647,1665,458,2022-03-09,1
647,627,458,2022-03-09,1
648,1674,431,2022-03-09,1
648,749,431,2022-03-09,1
648,559,431,2022-03-09,1
649,1297,168,2022-03-12,3
650,1690,263,2022-03-12,5
650,2519,263,2022-03-12,3
650,1977,263,2022-03-12,5
651,581,309,2022-03-12,3
651,3189,309,2022-03-12,5
651,1116,309,2022-03-12,3
652,594,115,2022-03-12,5
653,759,348,2022-03-13,1
653,2060,348,2022-03-13,1
654,2029,385,2022-03-13,1
655,1440,29,2022-03-13,1
656,1540,438,2022-03-14,3
656,1555,438,2022-03-14,3
656,269,438,2022-03-14,3
657,1389,59,2022-03-14,3
658,1370,487,2022-03-14,3
658,2178,487,2022-03-14,3
659,563,447,2022-03-15,5
659,1510,447,2022-03-15,5
660,1915,55,2022-03-16,3
660,574,55,2022-03-16,3
661,1721,466,2022-03-16,5
661,598,466,2022-03-16,3
662,2679,37,2022-03-16,3
662,277,37,2022-03-16,5
663,3658,143,2022-03-18,2
664,2741,442,2022-03-18,2
664,1133,442,2022-03-18,2
665,1122,58,2022-03-19,2
665,2099,58,2022-03-19,4
665,3075,58,2022-03-19,2
666,2837,599,2022-03-19,4
666,582,599,2022-03-19,2
667,1298,306,2022-03-19,4
667,1305,306,2022-03-19,4
667,1581,306,2022-03-19,2
668,610,122,2022-03-20,1
669,1192,109,2022-03-20,1
669,3269,109,2022-03-20,1
669,1923,109,2022-03-20,1
670,2188,262,2022-03-20,1
671,1345,336,2022-03-21,4
671,1167,336,2022-03-21,4
672,1789,207,2022-03-23,2
673,3285,172,2022-03-23,2
673,834,172,2022-03-23,2
674,863,285,2022-03-24,5
674,1185,285,2022-03-24,5
674,1358,285,2022-03-24,5
675,1439,93,2022-03-25,5
675,625,93,2022-03-25,5
675,2112,93,2022-03-25,3
676,1443,359,2022-03-25,5
676,502,359,2022-03-25,5
676,1823,359,2022-03-25,5
677,1943,497,2022-03-25,3
677,1210,497,2022-03-25,3
677,1227,497,2022-03-25,5
678,1162,27,2022-03-25,3
679,738,449,2022-03-26,5
679,1143,449,2022-03-26,4
680,3592,148,2022-03-28,4
681,1624,224,2022-03-28,4
681,1726,224,2022-03-28,4
681,2032,224,2022-03-28,4
682,1174,213,2022-03-29,4
682,1857,213,2022-03-29,1
683,633,95,2022-03-29,4
683,1229,95,2022-03-29,1
684,1154,265,2022-03-29,1
684,1191,265,2022-03-29,4
685,1453,57,2022-03-29,1
686,289,486,2022-03-29,1
687,1233,120,2022-03-31,5
687,1196,120,2022-03-31,5
687,1235,120,2022-03-31,5
688,1379,575,2022-03-31,5
689,1532,82,2022-03-31,5
689,1684,82,2022-03-31,5
690,1458,509,2022-03-31,5
690,1900,509,2022-03-31,5
691,509,207,2022-03-31,5
691,1790,207,2022-03-31,5
691,2000,207,2022-03-31,5
692,1468,292,2022-04-01,1
692,2252,292,2022-04-01,2
692,2219,292,2022-04-01,1
693,1610,235,2022-04-01,1
693,928,235,2022-04-01,3
693,2238,235,2022-04-01,1
694,1396,524,2022-04-01,2
695,2135,312,2022-04-02,2
695,752,312,2022-04-02,4
696,1543,274,2022-04-03,1
696,1418,274,2022-04-03,1
697,2145,240,2022-04-03,1
698,1702,192,2022-04-04,5
699,2923,35,2022-04-04,5
699,1737,35,2022-04-04,5
699,1615,35,2022-04-04,5
700,1519,370,2022-04-05,2
700,1484,370,2022-04-05,4
700,1273,370,2022-04-05,4
701,1238,599,2022-04-05,2
701,1343,599,2022-04-05,4
702,2258,591,2022-04-06,2
703,2987,483,2022-04-06,2
703,1803,483,2022-04-06,2
703,1244,483,2022-04-06,2
704,523,475,2022-04-06,2
705,1727,530,2022-04-06,2
705,2187,530,2022-04-06,2
705,891,530,2022-04-06,2
706,1642,33,2022-04-06,2
706,1258,33,2022-04-06,2
706,658,33,2022-04-06,2
707,2036,198,2022-04-07,2
707,761,198,2022-04-07,2
708,1847,400,2022-04-08,2
708,808,400,2022-04-08,4
709,678,251,2022-04-09,1
710,2207,334,2022-04-09,1
710,899,334,2022-04-09,1
710,2212,334,2022-04-09,1
711,1537,100,2022-04-11,3
711,2222,100,2022-04-11,3
712,1898,440,2022-04-11,3
713,679,553,2022-04-11,3
713,1434,553,2022-04-11,3
714,2262,528,2022-04-11,3
714,640,528,2022-04-11,3
714,1436,528,2022-04-11,3
715,558,142,2022-04-11,3
715,296,142,2022-04-11,3
716,826,338,2022-04-12,1
716,1291,338,2022-04-12,1
716,1257,338,2022-04-12,1
717,1334,216,2022-04-12,1
717,3134,216,2022-04-12,1
718,1926,305,2022-04-12,1
719,1860,487,2022-04-12,1
719,1678,487,2022-04-12,1
719,837,487,2022-04-12,1
720,1490,439,2022-04-13,1
720,1538,439,2022-04-13,1
721,1927,227,2022-04-13,1
721,944,227,2022-04-13,1
722,1544,339,2022-04-13,1
722,958,339,2022-04-13,1
722,2001,339,2022-04-13,1
723,562,534,2022-04-13,1
723,2385,534,2022-04-13,1
724,642,555,2022-04-13,1
725,647,331,2022-04-14,5
725,1349,331,2022-04-14,4
725,2007,331,2022-04-14,2
726,1868,493,2022-04-14,5
726,967,493,2022-04-14,5
727,2268,121,2022-04-14,5
727,2217,121,2022-04-14,4
728,2412,464,2022-04-14,4
728,2109,464,2022-04-14,2
729,569,550,2022-04-14,2
729,1494,550,2022-04-14,5
729,2370,550,2022-04-14,2
730,2066,246,2022-04-15,3
730,2420,246,2022-04-15,3
731,2275,441,2022-04-15,3
731,2448,441,2022-04-15,2
732,710,371,2022-04-15,2
733,317,537,2022-04-15,3
734,2270,472,2022-04-16,3
735,1948,573,2022-04-16,3
736,3179,370,2022-04-17,1
736,2600,370,2022-04-17,1
736,655,370,2022-04-17,1
737,1867,180,2022-04-17,1
738,2430,473,2022-04-17,1
738,1378,473,2022-04-17,1
738,1181,473,2022-04-17,1
739,2641,8,2022-04-17,1
739,983,8,2022-04-17,1
740,711,307,2022-04-17,1
740,2025,307,2022-04-17,1
740,2078,307,2022-04-17,1
741,1574,380,2022-04-19,3
742,2291,1,2022-04-19,3
742,1586,1,2022-04-19,3
742,1447,1,2022-04-19,3
743,868,406,2022-04-19,3
743,2128,406,2022-04-19,3
743,2306,406,2022-04-19,3
744,2480,346,2022-04-20,4
745,884,240,2022-04-21,2
745,2138,240,2022-04-21,2
746,2316,527,2022-04-21,2
747,3205,488,2022-04-21,2
748,2141,87,2022-04-21,5
748,2465,87,2022-04-21,5
749,893,276,2022-04-22,5
749,1361,276,2022-04-22,5
750,1366,301,2022-04-23,2
750,2481,301,2022-04-23,2
750,1455,301,2022-04-23,5
751,2648,173,2022-04-23,2
751,3217,173,2022-04-23,5
752,1488,490,2022-04-23,2
752,2153,490,2022-04-23,5
753,1929,317,2022-04-23,2
753,720,317,2022-04-23,2
753,2065,317,2022-04-23,5
754,723,164,2022-04-24,1
755,1550,284,2022-04-25,1
755,1251,284,2022-04-25,4
756,2352,41,2022-04-26,1
757,1382,107,2022-04-26,1
757,2315,107,2022-04-26,1
758,576,481,2022-04-26,1
759,1036,235,2022-04-27,1
760,2482,321,2022-04-28,5
761,1408,514,2022-04-30,3
761,2321,514,2022-04-30,3
761,1388,514,2022-04-30,3
762,2347,137,2022-04-30,3
762,1462,137,2022-04-30,3
762,1048,137,2022-04-30,3
763,2686,517,2022-04-30,3
763,2356,517,2022-04-30,3
764,729,280,2022-04-30,3
765,1394,236,2022-05-01,1
765,590,236,2022-05-01,1
765,1481,236,2022-05-01,1
766,1499,214,2022-05-01,1
766,1282,214,2022-05-01,1
766,2215,214,2022-05-01,1
767,2105,173,2022-05-01,1
768,1560,181,2022-05-02,4
769,1400,54,2022-05-02,4
769,919,54,2022-05-02,4
770,970,165,2022-05-03,1
770,601,165,2022-05-03,1
771,604,465,2022-05-03,4
771,2578,465,2022-05-03,4
771,1542,465,2022-05-03,4
772,326,178,2022-05-03,4
772,2216,178,2022-05-03,4
772,1493,178,2022-05-03,4
773,611,372,2022-05-04,4
774,2467,165,2022-05-04,2
774,1636,165,2022-05-04,4
775,1050,156,2022-05-04,4
776,1100,431,2022-05-05,4
776,725,431,2022-05-05,4
776,2511,431,2022-05-05,2
777,327,422,2022-05-05,4
777,1601,422,2022-05-05,2
778,615,193,2022-05-05,2
778,2504,193,2022-05-05,2
778,2259,193,2022-05-05,2
779,1135,525,2022-05-05,4
780,328,15,2022-05-05,4
780,2181,15,2022-05-05,2
780,2220,15,2022-05-05,4
781,2227,272,2022-05-06,4
782,1498,77,2022-05-06,2
782,2350,77,2022-05-06,1
782,1611,77,2022-05-06,2
783,1206,126,2022-05-06,1
783,1583,126,2022-05-06,2
783,1994,126,2022-05-06,4
784,731,278,2022-05-06,2
785,2642,387,2022-05-06,1
785,915,387,2022-05-06,2
786,1639,270,2022-05-08,1
787,1999,51,2022-05-08,1
787,1241,51,2022-05-08,1
788,1641,275,2022-05-08,1
788,2280,275,2022-05-08,1
788,1676,275,2022-05-08,1
789,2298,433,2022-05-08,1
789,746,433,2022-05-08,1
790,1698,157,2022-05-09,2
790,2521,157,2022-05-09,1
791,1496,533,2022-05-09,2
791,2562,533,2022-05-09,1
791,1420,533,2022-05-09,2
792,926,253,2022-05-09,2
793,2345,471,2022-05-10,1
793,737,471,2022-05-10,1
794,1516,217,2022-05-10,1
795,1658,512,2022-05-11,1
795,1628,512,2022-05-11,2
795,2413,512,2022-05-11,1
796,938,481,2022-05-11,2
796,972,481,2022-05-11,2
796,1421,481,2022-05-11,1
797,2017,377,2022-05-11,2
798,1520,494,2022-05-11,1
798,2537,494,2022-05-11,2
799,1558,545,2022-05-11,2
799,2629,545,2022-05-11,1
800,2354,187,2022-05-12,1
801,1730,342,2022-05-12,1
801,973,342,2022-05-12,4
802,630,292,2022-05-12,1
803,2020,214,2022-05-12,4
803,2581,214,2022-05-12,1
803,1354,214,2022-05-12,1
804,1285,479,2022-05-14,5
804,2832,479,2022-05-14,2
805,769,249,2022-05-14,5
805,635,249,2022-05-14,1
805,2429,249,2022-05-14,5
806,2053,92,2022-05-14,5
806,2658,92,2022-05-14,1
807,750,286,2022-05-14,1
808,1315,528,2022-05-15,1
808,2546,528,2022-05-15,1
808,2768,528,2022-05-15,1
809,2427,119,2022-05-17,1
809,2868,119,2022-05-17,4
810,953,378,2022-05-17,4
810,1667,378,2022-05-17,1
811,2705,370,2022-05-18,2
811,2914,370,2022-05-18,5
811,775,370,2022-05-18,1
812,780,70,2022-05-18,5
812,330,70,2022-05-18,2
813,2362,515,2022-05-18,1
813,2616,515,2022-05-18,1
814,2386,252,2022-05-18,1
814,783,252,2022-05-18,1
814,2633,252,2022-05-18,5
815,1710,524,2022-05-19,4
815,1673,524,2022-05-19,2
816,1318,18,2022-05-19,4
816,1626,18,2022-05-19,4
817,2548,586,2022-05-19,3
817,897,586,2022-05-19,2
818,1735,293,2022-05-19,2
819,984,431,2022-05-20,2
820,3224,421,2022-05-21,1
821,1006,33,2022-05-21,1
821,910,33,2022-05-21,1
822,2913,137,2022-05-21,1
822,1008,137,2022-05-21,1
822,1713,137,2022-05-21,1
823,332,439,2022-05-22,1
823,1734,439,2022-05-22,1
823,2706,439,2022-05-22,1
824,2919,563,2022-05-24,5
825,657,1,2022-05-24,5
825,1717,1,2022-05-24,5
825,1686,1,2022-05-24,5
826,2995,581,2022-05-24,5
826,682,581,2022-05-24,5
826,912,581,2022-05-24,5
827,2580,588,2022-05-25,3
827,1696,588,2022-05-25,4
828,3027,223,2022-05-26,1
829,1381,145,2022-05-27,2
829,684,145,2022-05-27,2
829,3246,145,2022-05-27,2
830,1835,36,2022-05-27,2
830,1850,36,2022-05-27,2
831,1764,183,2022-05-27,2
832,352,593,2022-05-28,1
832,2729,593,2022-05-28,1
832,1725,593,2022-05-28,2
833,3129,75,2022-05-28,1
833,3427,75,2022-05-28,2
834,3078,318,2022-05-29,1
834,3429,318,2022-05-29,1
835,3128,62,2022-05-29,1
836,2590,410,2022-05-30,2
836,1753,410,2022-05-30,2
836,2762,410,2022-05-30,2
837,1896,377,2022-05-30,2
837,1423,377,2022-05-30,2
837,2649,377,2022-05-30,2
838,1995,235,2022-05-30,2
838,1552,235,2022-05-30,2
839,2617,296,2022-05-30,2
839,2638,296,2022-05-30,2
840,2651,237,2022-05-31,4
841,2051,64,2022-06-02,2
841,2591,64,2022-06-02,2
842,2408,346,2022-06-02,2
842,1561,346,2022-06-02,2
842,1564,346,2022-06-02,2
843,3213,106,2022-06-02,2
844,2821,195,2022-06-02,2
844,2838,195,2022-06-02,2
844,2715,195,2022-06-02,2
845,2441,565,2022-06-02,2
845,1404,565,2022-06-02,2
846,1410,233,2022-06-03,1
846,3186,233,2022-06-03,1
847,2428,564,2022-06-03,2
847,2675,564,2022-06-03,1
848,1760,528,2022-06-03,2
848,1851,528,2022-06-03,1
849,2696,104,2022-06-03,2
849,2068,104,2022-06-03,2
850,1704,269,2022-06-05,1
850,2856,269,2022-06-05,1
851,2881,565,2022-06-05,1
851,1442,565,2022-06-05,1
851,1565,565,2022-06-05,1
852,990,570,2022-06-05,1
852,688,570,2022-06-05,1
853,1337,505,2022-06-06,2
853,2098,505,2022-06-06,2
854,3328,371,2022-06-06,2
854,690,371,2022-06-06,2
855,3369,160,2022-06-07,2
855,3386,160,2022-06-07,2
855,1732,160,2022-06-07,2
856,932,159,2022-06-07,2
857,2133,212,2022-06-07,2
857,1870,212,2022-06-07,2
858,1919,586,2022-06-07,2
858,2479,586,2022-06-07,2
859,2728,448,2022-06-08,1
859,1460,448,2022-06-08,5
859,700,448,2022-06-08,1
860,1012,229,2022-06-08,1
860,1589,229,2022-06-08,3
860,1344,229,2022-06-08,1
861,3318,586,2022-06-08,5
862,786,518,2022-06-08,1
862,1424,518,2022-06-08,1
862,3221,518,2022-06-08,5
863,2147,424,2022-06-08,3
863,789,424,2022-06-08,3
864,3226,494,2022-06-09,4
864,943,494,2022-06-09,4
865,3436,83,2022-06-09,4
865,1901,83,2022-06-09,4
866,2747,210,2022-06-09,4
867,803,63,2022-06-09,4
867,1889,63,2022-06-09,4
867,1463,63,2022-06-09,4
868,1662,89,2022-06-09,4
868,1769,89,2022-06-09,4
869,3267,13,2022-06-10,2
870,966,489,2022-06-11,4
870,1356,489,2022-06-11,1
871,1982,135,2022-06-12,1
871,2035,135,2022-06-12,1
872,2491,40,2022-06-12,1
872,2543,40,2022-06-12,1
873,708,450,2022-06-12,1
873,2720,450,2022-06-12,1
873,1018,450,2022-06-12,1
874,1047,296,2022-06-13,4
874,1074,296,2022-06-13,3
874,2185,296,2022-06-13,3
875,998,127,2022-06-13,4
876,2232,579,2022-06-13,4
876,2682,579,2022-06-13,3
876,1062,579,2022-06-13,3
877,2725,318,2022-06-13,4
878,363,285,2022-06-14,5
878,1450,285,2022-06-14,5
879,2211,523,2022-06-14,5
879,371,523,2022-06-14,5
880,2249,424,2022-06-14,5
881,3463,225,2022-06-15,1
881,2071,225,2022-06-15,1
882,1773,586,2022-06-16,4
883,3261,36,2022-06-16,5
883,2755,36,2022-06-16,5
884,2149,355,2022-06-16,4
884,3362,355,2022-06-16,4
884,2756,355,2022-06-16,4
885,2752,572,2022-06-16,5
885,1839,572,2022-06-16,5
885,2819,572,2022-06-16,4
886,1467,64,2022-06-16,5
886,1517,64,2022-06-16,4
887,765,514,2022-06-17,1
887,2803,514,2022-06-17,1
887,2825,514,2022-06-17,1
888,1780,26,2022-06-17,1
888,2170,26,2022-06-17,3
889,2862,387,2022-06-17,5
889,1101,387,2022-06-17,3
890,773,529,2022-06-18,4
890,1959,529,2022-06-18,3
891,1976,306,2022-06-18,5
891,1369,306,2022-06-18,3
891,2883,306,2022-06-18,5
892,3405,528,2022-06-18,5
892,3468,528,2022-06-18,5
892,2518,528,2022-06-18,4
893,1129,199,2022-06-19,1
894,3479,293,2022-06-19,1
894,374,293,2022-06-19,1
894,1160,293,2022-06-19,1
895,2899,437,2022-06-20,5
895,2859,437,2022-06-20,3
896,807,77,2022-06-21,5
896,2241,77,2022-06-21,3
897,3697,383,2022-06-21,5
897,3159,383,2022-06-21,3
898,3662,435,2022-06-21,3
898,375,435,2022-06-21,1
899,1163,555,2022-06-23,5
899,3553,555,2022-06-23,1
900,376,275,2022-06-23,1
901,1568,560,2022-06-23,5
901,3516,560,2022-06-23,5
901,2264,560,2022-06-23,1
902,2320,417,2022-06-23,1
903,1913,45,2022-06-23,1
903,1783,45,2022-06-23,5
903,1413,45,2022-06-23,1
904,2541,325,2022-06-24,3
904,2343,325,2022-06-24,3
905,1587,172,2022-06-24,3
906,2293,595,2022-06-24,3
906,1175,595,2022-06-24,3
906,1182,595,2022-06-24,3
907,2905,160,2022-06-24,3
908,1419,185,2022-06-25,5
908,2384,185,2022-06-25,5
909,1215,288,2022-06-25,2
909,1807,288,2022-06-25,5
910,1648,302,2022-06-26,1
911,3699,306,2022-06-26,1
912,384,87,2022-06-26,1
912,2434,87,2022-06-26,1
912,2587,87,2022-06-26,1
913,2383,106,2022-06-27,1
913,3276,106,2022-06-27,1
914,2981,397,2022-06-27,2
914,1666,397,2022-06-27,3
915,2933,440,2022-06-27,2
916,3038,205,2022-06-27,2
917,2310,162,2022-06-28,4
917,784,162,2022-06-28,4
918,1668,62,2022-06-29,5
919,1963,519,2022-06-29,5
920,2476,529,2022-06-30,4
920,2039,529,2022-06-30,3
921,1971,390,2022-06-30,4
921,1218,390,2022-06-30,3
922,2980,184,2022-07-01,4
922,1276,184,2022-07-01,4
923,2049,48,2022-07-01,4
924,1820,420,2022-07-01,4
924,1802,420,2022-07-01,4
925,3127,590,2022-07-02,5
925,815,590,2022-07-02,5
926,793,203,2022-07-02,5
926,1819,203,2022-07-02,5
927,2375,273,2022-07-02,5
928,3013,468,2022-07-02,5
929,1974,278,2022-07-02,5
930,2522,56,2022-07-03,1
930,2490,56,2022-07-03,1
930,1842,56,2022-07-03,1
931,1068,343,2022-07-03,1
932,3198,65,2022-07-03,1
932,816,65,2022-07-03,1
933,2414,7,2022-07-03,1
934,388,488,2022-07-03,1
935,1021,27,2022-07-04,1
935,1879,27,2022-07-04,1
936,1309,482,2022-07-04,3
936,1079,482,2022-07-04,3
937,1883,197,2022-07-04,3
938,1924,180,2022-07-04,3
938,1451,180,2022-07-04,3
938,2501,180,2022-07-04,3
939,3206,21,2022-07-06,2
939,1863,21,2022-07-06,5
939,832,21,2022-07-06,4
940,1890,40,2022-07-06,2
940,2635,40,2022-07-06,4
941,1469,270,2022-07-08,4
941,2125,270,2022-07-08,5
942,1910,171,2022-07-09,2
942,1032,171,2022-07-09,5
942,2553,171,2022-07-09,2
943,1997,483,2022-07-09,2
944,2144,536,2022-07-09,2
945,820,11,2022-07-10,1
945,1041,11,2022-07-10,1
945,1070,11,2022-07-10,1
946,2647,13,2022-07-10,1
947,393,182,2022-07-11,3
947,845,182,2022-07-11,3
947,1317,182,2022-07-11,4
948,3237,218,2022-07-11,4
948,828,218,2022-07-11,4
948,2015,218,2022-07-11,3
949,2033,115,2022-07-11,4
950,3055,369,2022-07-12,4
950,1456,369,2022-07-12,3
950,2687,369,2022-07-12,3
951,394,585,2022-07-13,3
951,833,585,2022-07-13,2
951,1477,585,2022-07-13,2
952,2567,550,2022-07-13,3
953,2040,72,2022-07-13,3
953,3250,72,2022-07-13,3
954,2041,329,2022-07-14,4
955,1128,521,2022-07-15,3
955,857,521,2022-07-15,3
956,1464,224,2022-07-15,3
957,3308,505,2022-07-16,5
957,1489,505,2022-07-16,5
957,879,505,2022-07-16,5
958,890,456,2022-07-16,5
958,3272,456,2022-07-16,5
958,1921,456,2022-07-16,5
959,2577,204,2022-07-16,5
960,1465,272,2022-07-17,1
961,2450,104,2022-07-17,1
961,1549,104,2022-07-17,1
962,2700,462,2022-07-17,1
963,3069,58,2022-07-18,5
963,1569,58,2022-07-18,5
964,3311,466,2022-07-19,1
965,1364,10,2022-07-19,1
965,1077,10,2022-07-19,3
965,2654,10,2022-07-19,1
966,903,66,2022-07-19,1
966,2175,66,2022-07-19,1
967,2123,130,2022-07-21,1
967,1080,130,2022-07-21,4
968,3073,188,2022-07-21,5
969,3286,398,2022-07-21,1
969,2592,398,2022-07-21,1
969,1130,398,2022-07-21,1
970,1131,167,2022-07-22,1
970,2618,167,2022-07-22,5
970,869,167,2022-07-22,1
971,3296,128,2022-07-22,1
972,2189,174,2022-07-23,5
973,916,108,2022-07-23,5
973,2664,108,2022-07-23,5
974,876,593,2022-07-23,1
974,2471,593,2022-07-23,5
974,2758,593,2022-07-23,5
975,1932,574,2022-07-23,5
976,3077,23,2022-07-24,1
977,886,109,2022-07-25,3
977,2500,109,2022-07-25,3
977,3396,109,2022-07-25,3
978,2190,568,2022-07-25,3
979,2672,500,2022-07-25,3
979,2710,500,2022-07-25,3
980,2619,410,2022-07-25,3
981,1166,10,2022-07-26,4
981,917,10,2022-07-26,4
981,3415,10,2022-07-26,4
982,1570,431,2022-07-26,4
982,1945,431,2022-07-26,4
982,2746,431,2022-07-26,4
983,3376,296,2022-07-26,4
983,2126,296,2022-07-26,4
984,925,333,2022-07-26,4
984,2196,333,2022-07-26,4
985,1168,112,2022-07-27,5
986,2131,114,2022-07-27,5
987,425,480,2022-07-27,5
988,2140,289,2022-07-29,4
989,428,341,2022-07-29,5
990,2772,520,2022-07-29,5
990,982,520,2022-07-29,4
990,1582,520,2022-07-29,4
991,2680,510,2022-07-30,3
991,2674,510,2022-07-30,3
992,429,106,2022-07-30,5
993,1202,184,2022-07-31,1
993,3126,184,2022-07-31,1
994,2739,380,2022-07-31,1
994,3455,380,2022-07-31,1
995,1216,335,2022-08-01,2
995,2771,335,2022-08-01,1
995,2253,335,2022-08-01,1
996,3160,538,2022-08-02,4
996,941,538,2022-08-02,4
996,1968,538,2022-08-02,4
997,948,117,2022-08-02,4
997,1942,117,2022-08-02,4
998,1592,108,2022-08-02,4
999,1617,30,2022-08-03,2
999,2014,30,2022-08-03,2
999,1466,30,2022-08-03,2
1000,1386,77,2022-08-03,2
1000,1242,77,2022-08-03,2
1000,2800,77,2022-08-03,2
1001,2745,257,2022-08-04,3
1001,1969,257,2022-08-04,3
1002,1243,317,2022-08-05,4
1002,434,317,2022-08-05,1
1003,2047,523,2022-08-06,4
1003,2254,523,2022-08-06,1
1003,2024,523,2022-08-06,1
1004,1655,323,2022-08-06,1
1004,2748,323,2022-08-06,1
1005,2171,417,2022-08-06,4
1006,985,428,2022-08-07,1
1006,1503,428,2022-08-07,1
1007,1146,50,2022-08-07,1
1007,435,50,2022-08-07,1
1007,3162,50,2022-08-07,1
1008,2330,425,2022-08-08,1
1008,3174,425,2022-08-08,3
1008,2173,425,2022-08-08,3
1009,439,232,2022-08-08,3
1009,2811,232,2022-08-08,3
1009,1680,232,2022-08-08,1
1010,2438,567,2022-08-08,1
1011,959,39,2022-08-08,3
1012,1685,116,2022-08-08,1
1013,2852,165,2022-08-09,1
1014,1173,69,2022-08-09,5
1014,2779,69,2022-08-09,5
1015,2750,485,2022-08-10,2
1016,3414,136,2022-08-10,5
1016,960,136,2022-08-10,5
1016,2805,136,2022-08-10,1
1017,3544,266,2022-08-10,1
1017,2058,266,2022-08-10,5
1017,3481,266,2022-08-10,2
1018,1687,183,2022-08-11,1
1019,2827,226,2022-08-11,1
1020,962,474,2022-08-11,1
1020,2037,474,2022-08-11,1
1020,2054,474,2022-08-11,1
1021,1005,335,2022-08-12,5
1021,2845,335,2022-08-12,5
1022,2180,534,2022-08-12,5
1022,975,534,2022-08-12,5
1023,2076,145,2022-08-12,5
1023,2882,145,2022-08-12,5
1023,2205,145,2022-08-12,5
1024,2267,437,2022-08-12,5
1024,441,437,2022-08-12,5
1024,1260,437,2022-08-12,5
1025,1177,284,2022-08-13,2
1025,3521,284,2022-08-13,2
1025,444,284,2022-08-13,1
1026,2884,62,2022-08-13,4
1027,3579,334,2022-08-13,1
1028,2323,437,2022-08-16,2
1029,3649,209,2022-08-16,1
1029,452,209,2022-08-16,2
1030,1470,124,2022-08-16,1
1031,3182,343,2022-08-16,2
1032,976,432,2022-08-17,3
1032,2897,432,2022-08-17,2
1033,1688,465,2022-08-17,3
1034,459,570,2022-08-17,4
1034,2478,570,2022-08-17,4
1035,1580,122,2022-08-18,3
1035,2082,122,2022-08-18,3
1036,2932,330,2022-08-19,4
1036,1290,330,2022-08-19,4
1037,1524,183,2022-08-19,4
1037,2991,183,2022-08-19,4
1038,1671,78,2022-08-19,4
1038,1320,78,2022-08-19,4
1039,3035,512,2022-08-19,4
1039,2898,512,2022-08-19,4
1039,3685,512,2022-08-19,4
1040,1017,468,2022-08-19,4
1040,2091,468,2022-08-19,4
1040,1705,468,2022-08-19,4
1041,2349,573,2022-08-20,5
1041,3032,573,2022-08-20,4
1041,1722,573,2022-08-20,4
1042,1184,295,2022-08-20,4
1042,1693,295,2022-08-20,4
1042,2129,295,2022-08-20,5
1043,2118,228,2022-08-20,5
1044,2042,199,2022-08-21,1
1044,1723,199,2022-08-21,1
1045,3060,549,2022-08-21,1
1046,1539,368,2022-08-21,1
1047,2165,98,2022-08-21,1
1047,2765,98,2022-08-21,1
1047,2451,98,2022-08-21,1
1048,977,577,2022-08-21,1
1048,1695,577,2022-08-21,1
1048,2510,577,2022-08-21,1
1049,1750,474,2022-08-22,1
1049,3066,474,2022-08-22,1
1049,1559,474,2022-08-22,1
1050,2767,319,2022-08-22,1
1051,2938,277,2022-08-22,1
1052,2769,288,2022-08-22,1
1052,1571,288,2022-08-22,1
1052,3042,288,2022-08-22,1
1053,2535,491,2022-08-22,1
1053,1325,491,2022-08-22,1
1054,1700,529,2022-08-23,4
1054,2960,529,2022-08-23,5
1054,3235,529,2022-08-23,4
1055,1902,99,2022-08-23,4
1056,1577,133,2022-08-23,3
1056,1327,133,2022-08-23,5
1056,1237,133,2022-08-23,4
1057,2487,334,2022-08-23,5
1058,3043,567,2022-08-23,4
1059,3306,420,2022-08-24,3
1060,3049,158,2022-08-25,1
1061,2197,497,2022-08-25,4
1061,3056,497,2022-08-25,3
1062,2201,244,2022-08-25,3
1062,2773,244,2022-08-25,1
1063,1925,156,2022-08-25,4
1063,2104,156,2022-08-25,4
1064,1023,557,2022-08-25,1
1064,1081,557,2022-08-25,3
1065,1250,286,2022-08-26,3
1065,1329,286,2022-08-26,3
1065,1333,286,2022-08-26,3
1066,1950,173,2022-08-26,4
1067,3079,406,2022-08-27,3
1067,3084,406,2022-08-27,3
1068,1348,181,2022-08-27,3
1068,3064,181,2022-08-27,3
1068,3365,181,2022-08-27,5
1069,2204,13,2022-08-27,5
1069,1097,13,2022-08-27,3
1070,1112,499,2022-08-29,1
1070,1960,499,2022-08-29,3
1070,2154,499,2022-08-29,1
1071,1252,299,2022-08-31,2
1071,1113,299,2022-08-31,1
1071,3148,299,2022-08-31,2
1072,2234,17,2022-08-31,2
1072,2532,17,2022-08-31,2
1072,3416,17,2022-08-31,2
1073,1114,503,2022-08-31,1
1073,2586,503,2022-08-31,1
1073,1117,503,2022-08-31,1
1074,3434,228,2022-09-01,4
1075,1984,203,2022-09-01,3
1075,1619,203,2022-09-01,4
1075,1433,203,2022-09-01,4
1076,2172,510,2022-09-01,5
1077,2595,26,2022-09-01,5
1077,2533,26,2022-09-01,3
1078,2251,329,2022-09-02,3
1078,1631,329,2022-09-02,3
1079,3071,130,2022-09-02,3
1079,1703,130,2022-09-02,3
1079,2609,130,2022-09-02,3
1080,2285,506,2022-09-02,3
1080,1991,506,2022-09-02,3
1081,2231,125,2022-09-02,3
1082,2277,534,2022-09-05,3
1083,1268,449,2022-09-05,2
1084,479,359,2022-09-07,3
1085,1712,202,2022-09-08,1
1085,1137,202,2022-09-08,1
1085,1022,202,2022-09-08,3
1086,1534,581,2022-09-08,3
1086,1269,581,2022-09-08,3
1086,2793,581,2022-09-08,3
1087,2295,459,2022-09-09,4
1087,1548,459,2022-09-09,4
1087,480,459,2022-09-09,3
1088,1632,256,2022-09-09,3
1088,1145,256,2022-09-09,3
1089,485,104,2022-09-10,1
1089,3676,104,2022-09-10,4
1090,2646,557,2022-09-10,4
1090,1280,557,2022-09-10,4
1091,1637,3,2022-09-10,2
1091,2296,3,2022-09-10,4
1091,2612,3,2022-09-10,4
1092,2692,375,2022-09-10,4
1092,3092,375,2022-09-10,4
1092,3230,375,2022-09-10,1
1093,3094,120,2022-09-11,1
1093,2928,120,2022-09-11,1
1093,1170,120,2022-09-11,1
1094,2283,281,2022-09-11,1
1095,2843,295,2022-09-12,2
1096,3239,470,2022-09-16,2
1096,1716,470,2022-09-16,4
1097,2346,262,2022-09-18,1
1097,3095,262,2022-09-18,1
1097,1729,262,2022-09-18,1
1098,2016,507,2022-09-19,3
1098,2027,507,2022-09-19,2
1099,1786,157,2022-09-21,3
1099,2934,157,2022-09-21,3
1100,1042,97,2022-09-21,3
1101,498,580,2022-09-21,3
1102,501,37,2022-09-22,3
1102,3172,37,2022-09-22,3
1102,1188,37,2022-09-22,3
1103,2921,497,2022-09-22,3
1103,2030,497,2022-09-22,3
1104,2780,53,2022-09-22,3
1104,2044,53,2022-09-22,3
1104,1292,53,2022-09-22,3
1105,1054,44,2022-09-22,3
1105,2391,44,2022-09-22,3
1105,1572,44,2022-09-22,3
1106,3208,420,2022-09-22,3
1106,1194,420,2022-09-22,3
1107,3192,272,2022-09-23,4
1107,2284,272,2022-09-23,4
1108,2400,142,2022-09-23,2
1109,3302,383,2022-09-23,4
1110,2982,415,2022-09-23,4
1110,1740,415,2022-09-23,2
1110,2787,415,2022-09-23,4
1111,3259,284,2022-09-23,2
1112,2947,511,2022-09-24,5
1112,2799,511,2022-09-24,4
1112,2415,511,2022-09-24,1
1113,1306,391,2022-09-24,4
1113,1352,391,2022-09-24,4
1113,2458,391,2022-09-24,5
1114,3336,232,2022-09-24,5
1114,3342,232,2022-09-24,1
1114,2996,232,2022-09-24,5
1115,2322,286,2022-09-24,4
1116,2998,159,2022-09-24,4
1116,3215,159,2022-09-24,1
1117,1779,140,2022-09-25,1
1117,3298,140,2022-09-25,1
1118,1793,154,2022-09-25,1
1119,2822,412,2022-09-25,1
1120,1199,445,2022-09-25,1
1120,522,445,2022-09-25,1
1120,1787,445,2022-09-25,1
1121,2477,459,2022-09-25,1
1121,1362,459,2022-09-25,1
1121,1794,459,2022-09-25,1
1122,3317,244,2022-09-26,3
1122,2875,244,2022-09-26,3
1123,3300,490,2022-09-26,3
1123,1225,490,2022-09-26,3
1123,3072,490,2022-09-26,3
1124,1804,500,2022-09-26,3
1124,2108,500,2022-09-26,3
1124,1817,500,2022-09-26,3
1125,2389,528,2022-09-26,3
1126,2505,144,2022-09-27,3
1127,3003,441,2022-09-27,3
1127,2514,441,2022-09-27,4
1128,1815,481,2022-09-28,1
1128,2392,481,2022-09-28,4
1128,1830,481,2022-09-28,4
1129,1578,329,2022-09-28,1
1129,524,329,2022-09-28,1
1130,1063,485,2022-09-28,4
1131,531,142,2022-09-28,4
1132,3099,483,2022-09-28,1
1132,1833,483,2022-09-28,5
1132,1266,483,2022-09-28,4
1133,3380,357,2022-09-29,5
1134,1375,73,2022-09-30,5
1135,2879,525,2022-09-30,5
1135,2900,525,2022-09-30,3
1135,1283,525,2022-09-30,3
1136,3453,70,2022-09-30,5
1136,1331,70,2022-09-30,3
1137,1579,227,2022-09-30,3
1137,2366,227,2022-09-30,3
1137,1599,227,2022-09-30,3
1138,1082,581,2022-10-01,2
1139,2394,263,2022-10-01,2
1139,1638,263,2022-10-01,5
1139,3534,263,2022-10-01,2
1140,3601,523,2022-10-01,5
1140,1856,523,2022-10-01,5
1140,3006,523,2022-10-01,2
1141,1387,196,2022-10-02,1
1141,1670,196,2022-10-02,1
1141,2508,196,2022-10-02,1
1142,2908,466,2022-10-03,1
1142,1679,466,2022-10-03,1
1142,545,466,2022-10-03,1
1143,3089,335,2022-10-03,1
1144,1818,108,2022-10-03,2
1144,3132,108,2022-10-03,2
1145,3100,473,2022-10-03,1
1145,1831,473,2022-10-03,2
1145,1711,473,2022-10-03,2
1146,1848,263,2022-10-03,1
1147,1875,28,2022-10-04,2
1147,3175,28,2022-10-04,2
1148,1906,480,2022-10-04,2
1148,2115,480,2022-10-04,2
1148,2436,480,2022-10-04,2
1149,3324,518,2022-10-04,2
1149,1085,518,2022-10-04,2
1149,3201,518,2022-10-04,1
1150,1332,225,2022-10-05,1
1151,2143,517,2022-10-05,2
1151,3400,517,2022-10-05,2
1151,1862,517,2022-10-05,1
1152,1393,70,2022-10-05,1
1153,2550,61,2022-10-05,1
1154,1412,320,2022-10-05,2
1154,2606,320,2022-10-05,2
1155,3620,508,2022-10-07,4
1155,3638,508,2022-10-07,4
1156,3119,451,2022-10-07,1
1156,1431,451,2022-10-07,4
1156,1742,451,2022-10-07,1
1157,3392,363,2022-10-07,1
1158,1878,454,2022-10-07,1
1159,1882,395,2022-10-10,3
1159,2447,395,2022-10-10,3
1159,550,395,2022-10-10,3
1160,2468,310,2022-10-10,3
1160,3644,310,2022-10-10,1
1161,3442,32,2022-10-10,3
1161,2502,32,2022-10-10,3
1162,2917,146,2022-10-10,3
1163,3123,209,2022-10-12,1
1163,2570,209,2022-10-12,4
1163,571,209,2022-10-12,1
1164,1445,331,2022-10-13,1
1164,3595,331,2022-10-13,1
1164,3652,331,2022-10-13,1
1165,1479,450,2022-10-13,1
1165,3124,450,2022-10-13,1
1166,1351,118,2022-10-14,4
1166,1903,118,2022-10-14,1
1167,2926,541,2022-10-15,1
1168,2530,363,2022-10-15,1
1169,1504,333,2022-10-16,1
1169,2965,333,2022-10-16,1
1170,1904,429,2022-10-17,3
1170,583,429,2022-10-17,2
1171,3684,490,2022-10-17,3
1171,1744,490,2022-10-17,1
1171,3713,490,2022-10-17,2
1172,2622,407,2022-10-17,2
1172,1086,407,2022-10-17,1
1173,2551,496,2022-10-19,5
1174,1755,402,2022-10-19,5
1174,3136,402,2022-10-19,5
1175,2552,318,2022-10-19,5
1175,2159,318,2022-10-19,5
1176,3167,74,2022-10-19,5
1176,589,74,2022-10-19,5
1176,1792,74,2022-10-19,5
1177,1911,565,2022-10-20,2
1177,2554,565,2022-10-20,3
1177,2174,565,2022-10-20,3
1178,1808,357,2022-10-20,3
1178,1922,357,2022-10-20,3
1179,1372,41,2022-10-20,2
1179,3181,41,2022-10-20,5
1180,2661,9,2022-10-20,3
1181,593,433,2022-10-21,3
1181,2652,433,2022-10-21,3
1182,1505,543,2022-10-21,3
1182,3223,543,2022-10-21,3
1183,1928,579,2022-10-21,3
1183,1106,579,2022-10-21,3
1184,1509,115,2022-10-22,1
1185,1813,199,2022-10-23,1
1185,2596,199,2022-10-23,1
1185,1514,199,2022-10-23,1
1186,2625,553,2022-10-24,1
1186,3236,553,2022-10-24,1
1187,1934,565,2022-10-24,1
1187,1912,565,2022-10-24,1
1188,596,74,2022-10-24,1
1189,2673,217,2022-10-25,2
1189,1380,217,2022-10-25,3
1189,1821,217,2022-10-25,2
1190,2993,448,2022-10-25,2
1190,3705,448,2022-10-25,5
1191,3266,212,2022-10-25,5
1191,1115,212,2022-10-25,3
1192,3243,560,2022-10-25,5
1193,2177,236,2022-10-25,2
1194,2655,373,2022-10-26,3
1194,609,373,2022-10-26,3
1194,613,373,2022-10-26,3
1195,1940,220,2022-10-27,3
1195,1120,220,2022-10-27,3
1195,620,220,2022-10-27,3
1196,1920,84,2022-10-27,3
1197,1384,27,2022-10-27,3
1197,2677,27,2022-10-27,3
1198,1944,371,2022-10-28,2
1198,1840,371,2022-10-28,2
1198,3282,371,2022-10-28,2
1199,3015,249,2022-10-28,2
1200,1952,558,2022-10-29,4
1201,3247,226,2022-10-29,4
1202,1141,469,2022-10-29,4
1202,1954,469,2022-10-29,4
1202,2719,469,2022-10-29,4
1203,2012,122,2022-10-29,4
1203,3489,122,2022-10-29,4
1203,2798,122,2022-10-29,4
1204,626,513,2022-11-02,1
1205,643,287,2022-11-02,1
1206,1845,96,2022-11-02,4
1207,1142,77,2022-11-02,3
1207,1144,77,2022-11-02,1
1208,1846,223,2022-11-04,5
1208,3253,223,2022-11-04,3
1208,1859,223,2022-11-04,4
1209,648,49,2022-11-04,3
1209,1385,49,2022-11-04,5
1209,2808,49,2022-11-04,5
1210,2689,299,2022-11-04,5
1210,3366,299,2022-11-04,3
1211,2182,586,2022-11-05,2
1212,3297,372,2022-11-05,2
1212,1872,372,2022-11-05,2
1212,653,372,2022-11-05,2
1213,3499,403,2022-11-05,2
1213,2022,403,2022-11-05,2
1213,1515,403,2022-11-05,2
1214,1873,355,2022-11-05,2
1214,1955,355,2022-11-05,2
1214,1523,355,2022-11-05,2
1215,3402,428,2022-11-08,4
1215,2872,428,2022-11-08,4
1215,1533,428,2022-11-08,4
1216,1153,325,2022-11-09,4
1216,674,325,2022-11-09,4
1217,676,241,2022-11-09,4
1218,2193,554,2022-11-09,4
1218,2690,554,2022-11-09,4
1219,1158,178,2022-11-09,4
1220,3510,218,2022-11-10,4
1221,3588,174,2022-11-10,4
1221,2026,174,2022-11-10,4
1222,3594,236,2022-11-11,2
1223,3581,309,2022-11-11,4
1223,3683,309,2022-11-11,2
1223,2309,309,2022-11-11,2
1224,3720,560,2022-11-11,4
1224,683,560,2022-11-11,4
1224,2668,560,2022-11-11,4
1225,2903,490,2022-11-11,1
1226,3025,351,2022-11-12,3
1226,689,351,2022-11-12,3
1226,1390,351,2022-11-12,3
1227,2683,77,2022-11-13,1
1227,1535,77,2022-11-13,1
1228,2043,489,2022-11-14,2
1228,2912,489,2022-11-14,4
1228,3309,489,2022-11-14,2
1229,2712,568,2022-11-15,4
1229,2062,568,2022-11-15,2
1229,3033,568,2022-11-15,3
1230,695,362,2022-11-15,2
1230,1886,362,2022-11-15,3
1230,732,362,2022-11-15,2
1231,3322,295,2022-11-16,5
1232,736,50,2022-11-16,2
1232,2084,50,2022-11-16,2
1232,3052,50,2022-11-16,2
1233,3454,167,2022-11-16,2
1233,1604,167,2022-11-16,2
1234,3061,449,2022-11-17,5
1234,1169,449,2022-11-17,1
1235,2920,447,2022-11-17,5
1235,1176,447,2022-11-17,1
1235,2716,447,2022-11-17,1
1236,1891,128,2022-11-17,1
1236,2101,128,2022-11-17,1
1237,2324,594,2022-11-17,5
1237,2970,594,2022-11-17,1
1237,1407,594,2022-11-17,1
1238,1957,228,2022-11-19,4
1238,1897,228,2022-11-19,4
1239,3618,256,2022-11-19,4
1239,2329,256,2022-11-19,4
1240,3471,546,2022-11-20,1
1240,1452,546,2022-11-20,1
1240,3007,546,2022-11-20,1
1241,3655,61,2022-11-20,1
1242,2735,47,2022-11-20,1
1242,2103,47,2022-11-20,1
1242,2753,47,2022-11-20,1
1243,2137,263,2022-11-21,5
1243,742,263,2022-11-21,5
1243,1274,263,2022-11-21,2
1244,3122,438,2022-11-22,4
1245,1277,282,2022-11-22,4
1245,2707,282,2022-11-22,4
1246,2334,454,2022-11-22,4
1247,1612,116,2022-11-22,4
1247,1907,116,2022-11-22,4
1248,3135,364,2022-11-23,2
1248,747,364,2022-11-23,2
1249,1640,417,2022-11-23,2
1249,2210,417,2022-11-23,2
1249,1284,417,2022-11-23,2
1250,2802,262,2022-11-23,2
1250,1931,262,2022-11-23,2
1251,1958,302,2022-11-23,2
1251,3147,302,2022-11-23,2
1251,1476,302,2022-11-23,2
1252,2341,13,2022-11-23,2
1252,1961,13,2022-11-23,2
1253,754,543,2022-11-24,2
1253,3153,543,2022-11-24,1
1253,2757,543,2022-11-24,1
1254,3028,63,2022-11-24,5
1254,2221,63,2022-11-24,5
1254,755,63,2022-11-24,1
1255,762,489,2022-11-24,1
1255,1527,489,2022-11-24,1
1256,3176,203,2022-11-25,4
1256,2247,203,2022-11-25,4
1256,2388,203,2022-11-25,4
1257,1937,288,2022-11-25,4
1258,2432,273,2022-11-26,3
1258,2256,273,2022-11-26,3
1258,772,273,2022-11-26,2
1259,3062,465,2022-11-26,3
1259,2457,465,2022-11-26,3
1260,3180,455,2022-11-26,1
1261,1938,374,2022-11-26,3
1262,1562,292,2022-11-26,1
1263,2474,309,2022-11-27,1
1263,2260,309,2022-11-27,1
1264,2796,255,2022-11-27,1
1265,1981,408,2022-11-29,3
1265,2888,408,2022-11-29,3
1266,3045,135,2022-11-29,2
1266,1643,135,2022-11-29,3
1267,3114,294,2022-11-30,5
1268,1949,65,2022-11-30,5
1269,3141,47,2022-11-30,5
1269,1312,47,2022-11-30,5
1269,2517,47,2022-11-30,5
1270,2002,471,2022-12-01,5
1270,2263,471,2022-12-01,5
1270,776,471,2022-12-01,2
1271,2531,80,2022-12-02,2
1272,2575,563,2022-12-02,2
1273,1563,133,2022-12-02,5
1273,2583,133,2022-12-02,3
1274,3074,509,2022-12-03,5
1274,778,509,2022-12-03,1
1275,2266,343,2022-12-03,5
1276,1661,157,2022-12-03,4
1276,2010,157,2022-12-03,5
1276,2605,157,2022-12-03,4
1277,1709,404,2022-12-03,5
1277,3183,404,2022-12-03,1
1277,2011,404,2022-12-03,1
1278,2018,223,2022-12-03,5
1278,790,223,2022-12-03,1
1278,2804,223,2022-12-03,4
1279,2021,197,2022-12-04,1
1279,2639,197,2022-12-04,1
1280,1756,276,2022-12-06,1
1281,3149,403,2022-12-07,1
1281,2867,403,2022-12-07,2
1282,3171,106,2022-12-07,1
1283,3200,40,2022-12-07,2
1283,1336,40,2022-12-07,2
1284,2907,420,2022-12-07,3
1285,2713,195,2022-12-08,3
1286,2287,141,2022-12-08,3
1286,3277,141,2022-12-08,3
1287,2727,328,2022-12-08,3
1288,2927,396,2022-12-08,3
1288,2083,396,2022-12-08,3
1289,1660,57,2022-12-09,5
1289,2290,57,2022-12-09,4
1289,1677,57,2022-12-09,4
1290,1347,536,2022-12-09,3
1290,3287,536,2022-12-09,5
1291,1683,397,2022-12-09,5
1291,2930,397,2022-12-09,4
1292,1697,155,2022-12-09,5
1293,3197,180,2022-12-10,1
1293,3334,180,2022-12-10,2
1294,3151,532,2022-12-11,1
1294,1708,532,2022-12-11,1
1294,2019,532,2022-12-11,1
1295,2090,367,2022-12-11,1
1295,2056,367,2022-12-11,1
1295,3403,367,2022-12-11,1
1296,1728,496,2022-12-11,1
1296,2096,496,2022-12-11,1
1296,3204,496,2022-12-11,1
1297,3258,27,2022-12-12,3
1298,2775,405,2022-12-12,3
1299,1739,100,2022-12-12,1
1299,3166,100,2022-12-12,4
1300,2830,204,2022-12-14,2
1301,2853,107,2022-12-16,1
1301,2313,107,2022-12-16,1
1302,1377,221,2022-12-16,1
1303,3458,49,2022-12-16,1
1303,2100,49,2022-12-16,1
1304,1771,436,2022-12-18,1
1304,791,436,2022-12-18,1
1305,1747,83,2022-12-18,1
1305,1425,83,2022-12-18,1
1306,1801,131,2022-12-18,1
1306,2368,131,2022-12-18,1
1306,2943,131,2022-12-18,1
1307,2431,145,2022-12-18,1
1307,3508,145,2022-12-18,1
1307,2452,145,2022-12-18,1
1308,3210,422,2022-12-19,2
1309,792,248,2022-12-19,2
1309,3513,248,2022-12-19,2
1310,1429,23,2022-12-19,5
1310,2929,23,2022-12-19,5
1310,3046,23,2022-12-19,2
1311,1438,69,2022-12-19,5
1312,2152,594,2022-12-19,5
1313,2955,113,2022-12-20,5
1313,3529,113,2022-12-20,3
1313,3533,113,2022-12-20,3
1314,2229,269,2022-12-20,4
1314,3279,269,2022-12-20,4
1314,2069,269,2022-12-20,3
1315,3346,432,2022-12-20,4
1315,1446,432,2022-12-20,3
1316,3371,367,2022-12-20,4
1316,1449,367,2022-12-20,5
1316,2453,367,2022-12-20,3
1317,1748,184,2022-12-20,4
1318,1483,499,2022-12-21,5
1318,801,499,2022-12-21,1
1319,3216,447,2022-12-21,1
1320,3545,595,2022-12-21,1
1321,2469,74,2022-12-21,1
1322,2512,512,2022-12-21,5
1322,804,512,2022-12-21,2
1322,1487,512,2022-12-21,5
1323,2544,269,2022-12-22,5
1323,2547,269,2022-12-22,1
1323,2239,269,2022-12-22,5
1324,3555,493,2022-12-22,5
1325,2967,185,2022-12-22,5
1325,2983,185,2022-12-22,5
1325,1774,185,2022-12-22,1
1326,2089,405,2022-12-23,1
1326,2134,405,2022-12-23,1
1326,3067,405,2022-12-23,4
1327,806,569,2022-12-23,1
1328,2157,443,2022-12-24,3
1329,1777,28,2022-12-24,1
1329,809,28,2022-12-24,3
1329,2560,28,2022-12-24,1
1330,3384,406,2022-12-24,3
1331,3483,406,2022-12-24,3
1332,3104,510,2022-12-24,1
1332,812,510,2022-12-24,1
1332,1518,510,2022-12-24,1
1333,1785,591,2022-12-25,1
1333,3494,591,2022-12-25,1
1333,1827,591,2022-12-25,1
1334,2176,382,2022-12-25,1
1334,3108,382,2022-12-25,1
1335,3220,49,2022-12-26,4
1335,3086,49,2022-12-26,2
1335,2565,49,2022-12-26,4
1336,817,380,2022-12-26,4
1336,3195,380,2022-12-26,2
1336,2656,380,2022-12-26,2
1337,3251,66,2022-12-26,2
1337,2671,66,2022-12-26,4
1338,3091,404,2022-12-26,4
1338,3222,404,2022-12-26,2
1339,840,476,2022-12-27,4
1339,2208,476,2022-12-27,4
1340,1864,244,2022-12-27,4
1340,1525,244,2022-12-27,4
1340,3495,244,2022-12-27,4
1341,1899,378,2022-12-27,4
1342,3257,112,2022-12-28,4
1343,3264,537,2022-12-29,4
1343,3117,537,2022-12-29,4
1343,3265,537,2022-12-29,4
1344,3281,540,2022-12-29,4
1344,3137,540,2022-12-29,3
1344,3565,540,2022-12-29,2
1345,1909,470,2022-12-29,2
1346,2214,33,2022-12-29,2
1347,1951,580,2022-12-29,4
1347,2218,580,2022-12-29,2
1347,3305,580,2022-12-29,3
1348,3293,551,2022-12-30,1
1348,2717,551,2022-12-30,1
1348,1551,551,2022-12-30,1
1349,3567,254,2022-12-30,4
1349,1966,254,2022-12-30,1
1349,846,254,2022-12-30,4
1350,3152,304,2022-12-30,4
1350,3193,304,2022-12-30,1
1350,1967,304,2022-12-30,1
1351,3393,442,2022-12-30,4
1351,1576,442,2022-12-30,1
1351,3584,442,2022-12-30,1
1352,3397,470,2022-12-30,4
1352,3320,470,2022-12-30,4
1352,2731,470,2022-12-30,1
1353,2261,8,2022-12-31,4
1354,3218,406,2022-12-31,4
1354,3589,406,2022-12-31,4
1355,2297,392,2022-12-31,2
1355,851,392,2022-12-31,2
1355,2226,392,2022-12-31,2
1356,2301,509,2022-12-31,2
1356,3603,509,2022-12-31,2
1357,1800,40,2022-12-31,4
1357,852,40,2022-12-31,4
1358,3616,208,2023-01-01,1
1358,1832,208,2023-01-01,1
1359,2732,278,2023-01-01,1
1359,1614,278,2023-01-01,1
1360,3278,435,2023-01-01,1
1360,1647,435,2023-01-01,1
1361,3422,404,2023-01-02,2
1361,3624,404,2023-01-02,5
1362,3303,188,2023-01-02,3
1362,3460,188,2023-01-02,2
1363,3388,406,2023-01-02,3
1364,2314,512,2023-01-02,5
1364,3640,512,2023-01-02,3
1364,3665,512,2023-01-02,5
1365,3674,338,2023-01-02,5
1365,2751,338,2023-01-02,3
1365,2319,338,2023-01-02,2
1366,1664,228,2023-01-03,5
1366,3475,228,2023-01-03,3
1367,1884,302,2023-01-04,2
1368,2364,573,2023-01-04,2
1368,3390,573,2023-01-04,2
1368,3708,573,2023-01-04,5
1369,3355,308,2023-01-04,5
1369,3450,308,2023-01-04,5
1369,870,308,2023-01-04,2
1370,2764,584,2023-01-05,1
1370,2244,584,2023-01-05,1
1370,3485,584,2023-01-05,1
1371,2770,48,2023-01-05,3
1371,2373,48,2023-01-05,3
1371,2393,48,2023-01-05,5
1372,872,47,2023-01-05,1
1372,2255,47,2023-01-05,1
1373,2063,148,2023-01-05,3
1373,1895,148,2023-01-05,1
1373,3364,148,2023-01-05,5
1374,3571,493,2023-01-05,5
1374,1935,493,2023-01-05,1
1375,2273,541,2023-01-06,4
1375,2810,541,2023-01-06,4
1376,1719,3,2023-01-06,4
1376,877,3,2023-01-06,4
1377,3573,437,2023-01-06,4
1378,2064,537,2023-01-06,4
1378,2396,537,2023-01-06,4
1379,2102,98,2023-01-07,4
1379,2812,98,2023-01-07,5
1380,889,543,2023-01-07,5
1380,3586,543,2023-01-07,4
1381,898,35,2023-01-08,1
1381,1720,35,2023-01-08,1
1382,3449,432,2023-01-09,5
1383,1964,285,2023-01-09,4
1383,3631,285,2023-01-09,2
1384,902,352,2023-01-09,4
1384,913,352,2023-01-09,2
1385,2399,579,2023-01-10,2
1385,2814,579,2023-01-10,2
1386,2279,547,2023-01-11,1
1387,2828,516,2023-01-11,4
1388,2286,575,2023-01-12,1
1389,3714,315,2023-01-12,4
1390,1975,433,2023-01-12,2
1390,1724,433,2023-01-12,1
1391,1983,114,2023-01-12,1
1392,3480,75,2023-01-12,2
1393,3522,538,2023-01-13,2
1394,1986,342,2023-01-14,3
1395,1731,364,2023-01-14,2
1395,2328,364,2023-01-14,3
1396,2344,97,2023-01-14,3
1396,2117,97,2023-01-14,5
1396,3562,97,2023-01-14,2
1397,3542,260,2023-01-14,5
1397,2440,260,2023-01-14,2
1397,2351,260,2023-01-14,3
1398,921,5,2023-01-14,2
1399,3602,422,2023-01-15,1
1400,1738,188,2023-01-15,1
1401,1990,113,2023-01-15,1
1401,3670,113,2023-01-15,1
1402,930,178,2023-01-15,1
1402,2829,178,2023-01-15,1
1403,2460,270,2023-01-16,5
1403,2124,270,2023-01-16,5
1404,3642,416,2023-01-16,5
1404,1993,416,2023-01-16,5
1404,2833,416,2023-01-16,5
1405,1752,106,2023-01-16,5
1406,2130,194,2023-01-16,5
1406,3657,194,2023-01-16,5
1406,2365,194,2023-01-16,5
1407,2407,396,2023-01-16,5
1407,2166,396,2023-01-16,5
1408,2183,67,2023-01-17,2
1408,2200,67,2023-01-17,5
1408,3671,67,2023-01-17,2
1409,2466,354,2023-01-17,2
1409,2834,354,2023-01-17,4
1409,3702,354,2023-01-17,4
1410,2409,78,2023-01-17,2
1411,1754,285,2023-01-19,4
1411,2865,285,2023-01-19,4
1411,3672,285,2023-01-19,4
1412,2489,515,2023-01-19,4
1412,2951,515,2023-01-19,4
1413,1762,270,2023-01-19,4
1413,1775,270,2023-01-19,4
1413,2009,270,2023-01-19,4
1414,2419,468,2023-01-20,3
1414,2233,468,2023-01-20,3
1415,2013,482,2023-01-20,3
1415,2978,482,2023-01-20,3
1415,1797,482,2023-01-20,3
1416,2495,417,2023-01-20,3
1416,940,417,2023-01-20,3
1417,2050,291,2023-01-20,3
1417,947,291,2023-01-20,3
1418,2242,549,2023-01-20,3
1419,2423,168,2023-01-21,2
1419,3048,168,2023-01-21,2
1419,2426,168,2023-01-21,2
1420,2456,113,2023-01-21,2
1420,2079,113,2023-01-21,2
1421,3068,118,2023-01-21,2
1421,2486,118,2023-01-21,2
1421,2271,118,2023-01-21,2
1422,2331,264,2023-01-21,2
1422,949,264,2023-01-21,2
1423,2513,376,2023-01-21,2
1423,2338,376,2023-01-21,2
1423,3090,376,2023-01-21,2
1424,3096,459,2023-01-22,1
1424,2496,459,2023-01-22,1
1424,3103,459,2023-01-22,1
1425,2527,566,2023-01-24,2
1425,1805,566,2023-01-24,2
1425,950,566,2023-01-24,2
1426,3146,585,2023-01-24,2
1426,3225,585,2023-01-24,2
1427,3231,156,2023-01-24,2
1427,1810,156,2023-01-24,2
1427,2107,156,2023-01-24,2
1428,955,550,2023-01-25,3
1428,1811,550,2023-01-25,3
1429,2374,333,2023-01-25,3
1430,1843,155,2023-01-25,3
1430,956,155,2023-01-25,3
1430,1858,155,2023-01-25,3
1431,2515,588,2023-01-25,3
1432,2406,357,2023-01-25,3
1432,2542,357,2023-01-25,3
1433,2111,424,2023-01-26,4
1433,2557,424,2023-01-26,4
1434,2555,521,2023-01-26,3
1434,980,521,2023-01-26,3
1435,2561,261,2023-01-26,3
1435,1009,261,2023-01-26,4
1436,1015,405,2023-01-26,4
1436,2116,405,2023-01-26,1
1436,2563,405,2023-01-26,1
1437,2573,510,2023-01-28,1
1438,2568,196,2023-01-28,5
1438,1030,196,2023-01-28,1
1439,1881,450,2023-01-28,5
1439,2421,450,2023-01-28,1
1439,2593,450,2023-01-28,5
1440,2435,534,2023-01-28,1
1440,2579,534,2023-01-28,5
1440,2601,534,2023-01-28,5
1441,2589,105,2023-01-28,1
1441,2611,105,2023-01-28,5
1441,2620,105,2023-01-28,5
1442,2146,485,2023-01-29,1
1443,2150,595,2023-01-30,5
1444,3256,596,2023-01-30,1
1445,2439,11,2023-01-30,1
1446,2607,297,2023-01-30,1
1446,1044,297,2023-01-30,3
1447,2443,115,2023-01-30,1
1448,2151,173,2023-01-31,5
1448,1064,173,2023-01-31,5
1448,1076,173,2023-01-31,5
1449,1092,24,2023-01-31,5
1450,1103,470,2023-02-01,3
1450,2446,470,2023-02-01,1
1450,1104,470,2023-02-01,1
1451,1888,124,2023-02-01,3
1452,2663,575,2023-02-01,3
1452,1119,575,2023-02-01,1
1452,3271,575,2023-02-01,1
1453,2158,462,2023-02-02,1
1453,2704,462,2023-02-02,1
1453,2709,462,2023-02-02,1
1454,1918,219,2023-02-02,1
1455,2168,223,2023-02-03,2
1455,2610,223,2023-02-03,2
1455,2621,223,2023-02-03,3
1456,3301,403,2023-02-03,2
1457,1930,571,2023-02-04,1
1457,3354,571,2023-02-04,4
1457,2733,571,2023-02-04,5
1458,3389,166,2023-02-04,4
1459,3440,186,2023-02-04,5
1459,1121,186,2023-02-04,4
1460,1123,364,2023-02-04,4
1460,2737,364,2023-02-04,4
1461,2269,223,2023-02-06,2
1461,2743,223,2023-02-06,2
1462,1127,127,2023-02-06,5
1463,2783,143,2023-02-06,2
1463,3462,143,2023-02-06,5
1463,2276,143,2023-02-06,2
1464,3473,472,2023-02-06,5
1464,3484,472,2023-02-06,5
1464,2454,472,2023-02-06,2
1465,1939,585,2023-02-06,4
1465,2788,585,2023-02-06,5
1465,1138,585,2023-02-06,5
1466,2289,89,2023-02-07,5
1467,2817,463,2023-02-07,5
1467,3507,463,2023-02-07,3
1468,2835,371,2023-02-07,3
1469,3560,12,2023-02-09,4
1470,2632,351,2023-02-09,5
1471,1140,340,2023-02-09,5
1471,1973,340,2023-02-09,4
1471,2462,340,2023-02-09,4
1472,2854,483,2023-02-09,4
1472,2880,483,2023-02-09,4
1472,2906,483,2023-02-09,4
1473,2475,371,2023-02-09,5
1473,2292,371,2023-02-09,4
1473,1992,371,2023-02-09,4
1474,2061,139,2023-02-10,3
1474,2949,139,2023-02-10,4
1474,2300,139,2023-02-10,1
1475,2645,6,2023-02-10,4
1475,2304,6,2023-02-10,3
1476,1165,482,2023-02-10,4
1476,3569,482,2023-02-10,4
1476,2966,482,2023-02-10,3
1477,3000,532,2023-02-10,3
1477,2317,532,2023-02-10,3
1477,2650,532,2023-02-10,1
1478,3001,228,2023-02-10,1
1479,2327,511,2023-02-11,5
1479,1171,511,2023-02-11,1
1479,2667,511,2023-02-11,5
1480,2333,595,2023-02-11,1
1481,2669,482,2023-02-11,1
1482,2520,72,2023-02-11,5
1482,1180,72,2023-02-11,1
1483,3574,592,2023-02-11,1
1483,2070,592,2023-02-11,1
1484,2092,316,2023-02-12,1
1484,3651,316,2023-02-12,1
1484,2538,316,2023-02-12,1
1485,2539,401,2023-02-13,3
1485,3675,401,2023-02-13,1
1485,3030,401,2023-02-13,3
1486,2337,532,2023-02-13,1
1486,3690,532,2023-02-13,1
1486,1186,532,2023-02-13,3
1487,1208,599,2023-02-13,1
1488,2688,277,2023-02-13,3
1489,3034,310,2023-02-14,1
1489,2693,310,2023-02-14,1
1490,2357,69,2023-02-14,1
1490,2093,69,2023-02-14,1
1491,1212,101,2023-02-14,1
1492,2665,447,2023-02-15,4
1492,2699,447,2023-02-15,4
1492,3704,447,2023-02-15,4
1493,3037,86,2023-02-15,4
1493,1231,86,2023-02-15,4
1493,2691,86,2023-02-15,4
1494,2094,427,2023-02-15,4
1494,1236,427,2023-02-15,4
1495,2113,504,2023-02-15,4
1495,3107,504,2023-02-15,4
1495,2734,504,2023-02-15,4
1496,2740,208,2023-02-16,4
1497,2127,533,2023-02-16,1
1498,2708,262,2023-02-17,2
1498,1239,262,2023-02-17,1
1498,3112,262,2023-02-17,2
1499,2136,225,2023-02-17,2
1499,2155,225,2023-02-17,2
1499,2718,225,2023-02-17,1
1500,3130,50,2023-02-17,2
1500,2163,50,2023-02-17,2
1501,2781,145,2023-02-17,2
1501,2784,145,2023-02-17,1
1502,2790,345,2023-02-18,3
1502,2169,345,2023-02-18,2
1503,2184,477,2023-02-18,2
1504,2777,443,2023-02-18,2
1504,2422,443,2023-02-18,3
1504,2444,443,2023-02-18,2
1505,1245,247,2023-02-18,2
1506,1267,177,2023-02-19,1
1506,2794,177,2023-02-19,1
1507,2464,203,2023-02-21,1
1507,2816,203,2023-02-21,3
1507,3133,203,2023-02-21,3
1508,2198,272,2023-02-21,1
1508,2202,272,2023-02-21,3
1509,2826,551,2023-02-21,1
1509,2789,551,2023-02-21,1
1510,2203,482,2023-02-21,1
1510,2791,482,2023-02-21,5
1510,3144,482,2023-02-21,5
1511,2797,569,2023-02-22,2
1511,2472,569,2023-02-22,2
1512,1271,220,2023-02-22,2
1512,2492,220,2023-02-22,2
1513,1278,265,2023-02-22,2
1513,2493,265,2023-02-22,2
1513,3158,265,2023-02-22,2
1514,2499,73,2023-02-23,1
1515,3191,253,2023-02-23,1
1516,2225,208,2023-02-23,1
1516,2503,208,2023-02-23,1
1517,2809,60,2023-02-23,1
1518,1281,141,2023-02-24,2
1518,2228,141,2023-02-24,2
1518,3202,141,2023-02-24,2
1519,2230,67,2023-02-24,2
1519,3209,67,2023-02-24,2
1519,2237,67,2023-02-24,2
1520,2506,266,2023-02-25,4
1520,3211,266,2023-02-25,4
1521,2240,395,2023-02-25,4
1521,3233,395,2023-02-25,2
1521,1287,395,2023-02-25,4
1522,2864,352,2023-02-25,2
1523,3270,79,2023-02-28,2
1523,2566,79,2023-02-28,2
1524,2849,292,2023-03-01,1
1525,2584,196,2023-03-01,3
1525,2245,196,2023-03-01,3
1526,1289,397,2023-03-02,4
1527,2594,269,2023-03-02,4
1527,2282,269,2023-03-02,4
1527,2299,269,2023-03-02,4
1528,2302,4,2023-03-02,4
1529,3294,374,2023-03-02,4
1529,2599,374,2023-03-02,4
1529,2877,374,2023-03-02,4
1530,2918,583,2023-03-03,4
1530,1303,583,2023-03-03,1
1531,2369,227,2023-03-03,1
1531,1307,227,2023-03-03,2
1532,2857,421,2023-03-03,4
1532,1319,421,2023-03-03,4
1533,3337,566,2023-03-03,4
1534,2925,129,2023-03-04,3
1534,2372,129,2023-03-04,3
1534,3345,129,2023-03-04,3
1535,2939,175,2023-03-05,1
1535,1323,175,2023-03-05,1
1536,2946,246,2023-03-08,5
1537,2603,381,2023-03-08,1
1537,1338,381,2023-03-08,1
1538,2376,270,2023-03-08,5
1539,1339,336,2023-03-08,1
1539,2962,336,2023-03-08,5
1540,2976,42,2023-03-09,4
1541,2986,573,2023-03-10,3
1541,3409,573,2023-03-10,3
1541,1353,573,2023-03-10,3
1542,3423,286,2023-03-10,3
1542,3433,286,2023-03-10,3
1543,2614,61,2023-03-10,3
1543,2988,61,2023-03-10,3
1543,2866,61,2023-03-10,3
1544,1355,2,2023-03-10,3
1545,3446,521,2023-03-10,3
1545,2397,521,2023-03-10,3
1546,2869,480,2023-03-11,3
1546,1360,480,2023-03-11,3
1547,2398,406,2023-03-11,3
1547,1376,406,2023-03-11,3
1547,3461,406,2023-03-11,3
1548,3467,270,2023-03-11,3
1548,2994,270,2023-03-11,3
1549,1391,339,2023-03-11,3
1550,3487,363,2023-03-13,5
1550,2885,363,2023-03-13,5
1551,2997,283,2023-03-13,5
1552,1397,406,2023-03-15,1
1552,3009,406,2023-03-15,3
1553,2405,423,2023-03-15,1
1553,3549,423,2023-03-15,3
1553,1403,423,2023-03-15,1
1554,2892,31,2023-03-15,2
1554,3564,31,2023-03-15,3
1555,2410,516,2023-03-15,3
1556,2624,405,2023-03-15,2
1556,3054,405,2023-03-15,1
1557,2637,597,2023-03-16,4
1557,2902,597,2023-03-16,1
1558,3575,535,2023-03-16,4
1559,3578,547,2023-03-17,5
1559,1411,547,2023-03-17,2
1559,1417,547,2023-03-17,5
1560,2437,388,2023-03-17,2
1560,2653,388,2023-03-17,5
1561,3065,110,2023-03-17,2
1561,3070,110,2023-03-17,2
1561,3085,110,2023-03-17,5
1562,2931,230,2023-03-17,5
1562,1427,230,2023-03-17,5
1563,3097,343,2023-03-19,1
1563,2442,343,2023-03-19,1
1564,3170,26,2023-03-19,1
1565,3718,257,2023-03-19,1
1565,2455,257,2023-03-19,1
1565,2670,257,2023-03-19,1
1566,1432,359,2023-03-19,1
1567,1454,426,2023-03-19,1
1567,3184,426,2023-03-19,1
1568,2470,502,2023-03-20,1
1568,3238,502,2023-03-20,1
1569,3249,376,2023-03-20,1
1569,1461,376,2023-03-20,1
1570,2473,416,2023-03-20,1
1570,1473,416,2023-03-20,1
1570,1474,416,2023-03-20,1
1571,2497,576,2023-03-21,3
1571,1475,576,2023-03-21,3
1571,2498,576,2023-03-21,5
1572,1480,28,2023-03-21,4
1573,2950,270,2023-03-21,4
1574,2676,269,2023-03-21,4
1575,2523,270,2023-03-23,2
1575,2681,270,2023-03-23,1
1575,2959,270,2023-03-23,1
1576,2722,288,2023-03-23,1
1576,3314,288,2023-03-23,3
1576,1485,288,2023-03-23,1
1577,2961,298,2023-03-24,5
1578,2964,427,2023-03-24,2
1578,3316,427,2023-03-24,5
1579,1497,328,2023-03-25,4
1579,3367,328,2023-03-25,4
1580,2730,430,2023-03-25,4
1580,2528,430,2023-03-25,4
1580,3387,430,2023-03-25,4
1581,3426,98,2023-03-25,4
1581,3431,98,2023-03-25,4
1581,2534,98,2023-03-25,4
1582,2549,520,2023-03-25,4
1582,3432,520,2023-03-25,4
1583,1502,484,2023-03-25,4
1583,1507,484,2023-03-25,4
1584,2749,251,2023-03-26,1
1585,2766,500,2023-03-26,1
1585,1508,500,2023-03-26,1
1585,3029,500,2023-03-26,1
1586,1511,366,2023-03-26,1
1587,1512,186,2023-03-26,1
1587,2556,186,2023-03-26,1
1587,2558,186,2023-03-26,1
1588,2795,36,2023-03-26,1
1589,2841,578,2023-03-28,5
1590,2559,128,2023-03-28,1
1590,3443,128,2023-03-28,1
1591,1528,480,2023-03-29,1
1591,2571,480,2023-03-29,4
1592,1530,431,2023-03-29,1
1592,2861,431,2023-03-29,1
1592,2572,431,2023-03-29,1
1593,2602,228,2023-03-29,4
1593,2604,228,2023-03-29,4
1594,2640,79,2023-03-29,1
1595,3469,435,2023-03-29,4
1595,3514,435,2023-03-29,1
1596,2643,383,2023-03-30,3
1596,1531,383,2023-03-30,3
1596,2657,383,2023-03-30,3
1597,1536,118,2023-03-30,3
1597,1541,118,2023-03-30,3
1598,2890,476,2023-03-31,1
1598,2659,476,2023-03-31,1
1599,3031,397,2023-03-31,1
1600,1556,283,2023-03-31,1
1600,3583,283,2023-03-31,1
1601,2701,512,2023-03-31,1
1601,1566,512,2023-03-31,1
1601,3597,512,2023-03-31,1
1602,2702,371,2023-03-31,1
1602,2724,371,2023-03-31,1
1603,3044,242,2023-04-01,1
1604,2891,553,2023-04-01,2
1604,2760,553,2023-04-01,2
1604,2776,553,2023-04-01,1
1605,3110,319,2023-04-02,1
1605,1567,319,2023-04-02,1
1606,1573,330,2023-04-02,1
1606,2893,330,2023-04-02,1
1607,3659,546,2023-04-02,1
1608,3696,10,2023-04-02,1
1608,3111,10,2023-04-02,1
1609,3701,202,2023-04-02,1
1610,1591,258,2023-04-05,2
1611,1593,416,2023-04-05,5
1611,2782,416,2023-04-05,4
1611,1594,416,2023-04-05,2
1612,2813,72,2023-04-05,4
1612,1595,72,2023-04-05,2
1612,2836,72,2023-04-05,4
1613,1596,372,2023-04-05,2
1613,2847,372,2023-04-05,5
1614,3115,73,2023-04-06,2
1614,3125,73,2023-04-06,2
1615,1597,215,2023-04-06,5
1616,2860,147,2023-04-06,2
1616,2871,147,2023-04-06,3
1617,3177,53,2023-04-07,5
1618,3229,292,2023-04-08,5
1618,1598,292,2023-04-08,2
1618,2895,292,2023-04-08,5
1619,1602,461,2023-04-08,5
1620,3241,329,2023-04-09,1
1620,1603,329,2023-04-09,1
1621,3263,415,2023-04-10,5
1622,3307,25,2023-04-10,2
1622,2896,25,2023-04-10,2
1623,2936,573,2023-04-10,5
1623,3319,573,2023-04-10,1
1623,3358,573,2023-04-10,1
1624,1606,430,2023-04-11,5
1624,3474,430,2023-04-11,3
1625,2901,569,2023-04-11,3
1625,1608,569,2023-04-11,1
1625,2957,569,2023-04-11,1
1626,1620,473,2023-04-11,3
1626,3476,473,2023-04-11,1
1626,1627,473,2023-04-11,1
1627,2958,187,2023-04-11,3
1627,2909,187,2023-04-11,3
1628,3511,572,2023-04-12,3
1628,1633,572,2023-04-12,2
1629,2935,354,2023-04-12,2
1630,1635,567,2023-04-12,2
1631,2969,209,2023-04-14,4
1632,2972,329,2023-04-14,3
1632,1650,329,2023-04-14,3
1633,2942,166,2023-04-14,4
1633,3531,166,2023-04-14,5
1634,3535,517,2023-04-14,5
1635,2977,211,2023-04-14,4
1635,2945,211,2023-04-14,3
1636,3615,330,2023-04-15,5
1636,2973,330,2023-04-15,4
1636,2985,330,2023-04-15,5
1637,3005,538,2023-04-15,5
1637,3621,538,2023-04-15,4
1638,1654,112,2023-04-15,5
1639,3633,581,2023-04-15,5
1640,3635,504,2023-04-17,3
1640,3016,504,2023-04-17,3
1641,1659,560,2023-04-17,3
1641,3647,560,2023-04-17,3
1642,3024,519,2023-04-17,5
1642,1672,519,2023-04-17,5
1642,3039,519,2023-04-17,5
1643,3185,270,2023-04-18,4
1643,1675,270,2023-04-18,2
1643,3051,270,2023-04-18,4
1644,3656,3,2023-04-18,4
1645,3698,34,2023-04-18,3
1646,3187,21,2023-04-18,4
1646,3711,21,2023-04-18,2
1646,3053,21,2023-04-18,4
1647,3274,104,2023-04-18,4
1648,3080,324,2023-04-20,4
1648,1694,324,2023-04-20,4
1649,1701,130,2023-04-20,4
1649,1707,130,2023-04-20,4
1650,3082,175,2023-04-21,2
1650,1714,175,2023-04-21,5
1651,3093,290,2023-04-22,3
1652,1718,363,2023-04-22,4
1652,1736,363,2023-04-22,4
1653,1743,545,2023-04-22,1
1653,3098,545,2023-04-22,4
1654,3138,189,2023-04-23,1
1654,3150,189,2023-04-23,1
1655,3154,164,2023-04-23,1
1656,3156,256,2023-04-23,1
1656,3164,256,2023-04-23,1
1656,3304,256,2023-04-23,1
1657,3188,454,2023-04-23,1
1657,3330,454,2023-04-23,1
1657,1746,454,2023-04-23,1
1658,1758,280,2023-04-23,1
1658,3353,280,2023-04-23,1
1658,3609,280,2023-04-23,1
1659,3212,341,2023-04-24,5
1659,3614,341,2023-04-24,5
1660,3227,410,2023-04-24,5
1660,3622,410,2023-04-24,5
1660,1759,410,2023-04-24,5
1661,3643,97,2023-04-25,1
1661,1761,97,2023-04-25,1
1662,3232,335,2023-04-26,2
1662,1778,335,2023-04-26,1
1663,1791,556,2023-04-27,2
1664,3248,330,2023-04-27,2
1664,3255,330,2023-04-27,2
1664,1799,330,2023-04-27,1
1665,1806,112,2023-04-27,3
1666,3290,98,2023-04-28,4
1666,3310,98,2023-04-28,4
1667,1809,404,2023-04-28,5
1667,3645,404,2023-04-28,4
1668,3648,222,2023-04-28,5
1668,1812,222,2023-04-28,5
1668,1814,222,2023-04-28,5
1669,1816,134,2023-04-29,3
1669,1824,134,2023-04-29,3
1670,3321,577,2023-04-30,1
1671,3350,202,2023-04-30,1
1671,1834,202,2023-04-30,1
1672,3375,414,2023-04-30,1
1672,3382,414,2023-04-30,1
1672,1841,414,2023-04-30,1
1673,3444,368,2023-04-30,1
1674,1854,162,2023-04-30,1
1674,1861,162,2023-04-30,1
1675,3482,599,2023-05-01,2
1676,3493,448,2023-05-01,2
1677,3498,358,2023-05-01,2
1678,3504,99,2023-05-01,2
1678,1871,99,2023-05-01,2
1678,3519,99,2023-05-01,2
1679,3580,543,2023-05-02,2
1679,3582,543,2023-05-02,2
1679,3628,543,2023-05-02,5
1680,3634,528,2023-05-02,5
1680,3664,528,2023-05-02,5
1680,1874,528,2023-05-02,5
1681,1877,332,2023-05-02,2
1682,1885,212,2023-05-02,5
1682,1892,212,2023-05-02,2
1683,1893,246,2023-05-03,4
1684,1905,283,2023-05-03,3
1685,1916,126,2023-05-05,2
1685,1917,126,2023-05-05,4
1685,1946,126,2023-05-05,2
1686,1970,405,2023-05-06,1
1686,1972,405,2023-05-06,5
1687,1985,70,2023-05-06,1
1687,1987,70,2023-05-06,1
1687,1996,70,2023-05-06,5
1688,1998,258,2023-05-06,5
1688,2004,258,2023-05-06,1
1689,2008,68,2023-05-06,5
1690,2028,145,2023-05-07,1
1690,2046,145,2023-05-07,1
1690,2052,145,2023-05-07,1
1691,2055,61,2023-05-09,1
1691,2072,61,2023-05-09,1
1692,2075,336,2023-05-09,4
1692,2077,336,2023-05-09,1
1693,2085,584,2023-05-09,1
1693,2097,584,2023-05-09,4
1694,2119,546,2023-05-09,4
1694,2120,546,2023-05-09,4
1695,2122,413,2023-05-09,4
1695,2139,413,2023-05-09,4
1695,2156,413,2023-05-09,1
1696,2162,125,2023-05-10,2
1696,2164,125,2023-05-10,5
1696,2179,125,2023-05-10,5
1697,2192,70,2023-05-11,2
1697,2223,70,2023-05-11,5
1697,2235,70,2023-05-11,5
1698,2236,270,2023-05-11,5
1698,2243,270,2023-05-11,5
1699,2246,336,2023-05-12,2
1699,2250,336,2023-05-12,4
1700,2257,157,2023-05-12,2
1700,2265,157,2023-05-12,4
1700,2272,157,2023-05-12,4
1701,2294,154,2023-05-12,2
1701,2303,154,2023-05-12,5
1701,2311,154,2023-05-12,4
1702,2318,529,2023-05-13,1
1702,2325,529,2023-05-13,2
1702,2332,529,2023-05-13,5
1703,2335,288,2023-05-14,1
1703,2336,288,2023-05-14,1
1703,2339,288,2023-05-14,1
1704,2340,334,2023-05-14,1
1704,2348,334,2023-05-14,1
1705,2353,234,2023-05-14,1
1705,2355,234,2023-05-14,1
1706,2358,95,2023-05-14,1
1706,2359,95,2023-05-14,1
1706,2363,95,2023-05-14,1
1707,2371,397,2023-05-15,3
1707,2377,397,2023-05-15,3
1707,2378,397,2023-05-15,1
1708,2379,44,2023-05-15,1
1708,2380,44,2023-05-15,1
1709,2381,477,2023-05-15,1
1709,2395,477,2023-05-15,1
1709,2403,477,2023-05-15,1
1710,2416,410,2023-05-17,1
1710,2418,410,2023-05-17,5
1710,2459,410,2023-05-17,5
1711,2463,137,2023-05-17,5
1711,2516,137,2023-05-17,3
1711,2525,137,2023-05-17,3
1712,2529,354,2023-05-17,3
1713,2536,438,2023-05-17,5
1714,2540,183,2023-05-18,5
1715,2545,66,2023-05-18,5
1715,2569,66,2023-05-18,1
1716,2574,462,2023-05-19,1
1717,2576,14,2023-05-19,1
1718,2582,598,2023-05-19,1
1718,2588,598,2023-05-19,1
1718,2597,598,2023-05-19,1
1719,2598,184,2023-05-19,1
1719,2608,184,2023-05-19,1
1720,2626,578,2023-05-20,2
1721,2631,139,2023-05-20,2
1722,2634,594,2023-05-20,2
1722,2660,594,2023-05-20,5
1722,2662,594,2023-05-20,2
1723,2666,63,2023-05-21,1
1723,2684,63,2023-05-21,1
1724,2703,51,2023-05-21,1
1725,2711,152,2023-05-21,1
1726,2714,92,2023-05-21,1
1727,2726,340,2023-05-21,1
1727,2742,340,2023-05-21,1
1727,2754,340,2023-05-21,1
1728,2763,298,2023-05-22,3
1729,2774,13,2023-05-23,2
1729,2778,13,2023-05-23,2
1729,2785,13,2023-05-23,1
1730,2786,379,2023-05-23,1
1730,2792,379,2023-05-23,1
1730,2818,379,2023-05-23,2
1731,2823,101,2023-05-23,2
1731,2824,101,2023-05-23,1
1731,2842,101,2023-05-23,1
1732,2844,71,2023-05-23,2
1732,2846,71,2023-05-23,1
1733,2848,70,2023-05-24,3
1733,2850,70,2023-05-24,4
1734,2855,47,2023-05-24,3
1734,2858,47,2023-05-24,3
1735,2863,421,2023-05-24,4
1735,2870,421,2023-05-24,4
1736,2876,15,2023-05-25,1
1736,2878,15,2023-05-25,1
1737,2904,393,2023-05-27,5
1738,2910,474,2023-05-27,2
1738,2915,474,2023-05-27,2
1739,2924,175,2023-05-27,2
1739,2937,175,2023-05-27,2
1740,2940,127,2023-05-27,5
1740,2941,127,2023-05-27,2
1740,2952,127,2023-05-27,5
1741,2953,193,2023-05-29,3
1741,2954,193,2023-05-29,3
1742,2963,374,2023-05-29,3
1742,2968,374,2023-05-29,3
1742,2971,374,2023-05-29,3
1743,2974,307,2023-05-29,3
1743,2975,307,2023-05-29,3
1744,2979,421,2023-05-29,3
1745,2984,576,2023-05-30,1
1745,2989,576,2023-05-30,5
1746,2990,466,2023-05-30,5
1747,2992,109,2023-05-30,1
1748,3010,523,2023-05-30,3
1748,3014,523,2023-05-30,1
1749,3018,451,2023-06-01,5
1749,3020,451,2023-06-01,1
1749,3022,451,2023-06-01,1
1750,3026,457,2023-06-01,1
1751,3036,494,2023-06-02,5
1752,3041,532,2023-06-03,4
1753,3057,378,2023-06-03,4
1753,3058,378,2023-06-03,1
1753,3059,378,2023-06-03,1
1754,3063,229,2023-06-03,2
1754,3076,229,2023-06-03,2
1755,3081,145,2023-06-03,1
1756,3087,143,2023-06-04,1
1756,3088,143,2023-06-04,1
1757,3101,269,2023-06-04,1
1757,3102,269,2023-06-04,1
1758,3116,239,2023-06-04,1
1758,3118,239,2023-06-04,1
1759,3120,313,2023-06-04,1
1759,3140,313,2023-06-04,1
1759,3145,313,2023-06-04,1
1760,3157,574,2023-06-04,1
1760,3163,574,2023-06-04,1
1760,3165,574,2023-06-04,1
1761,3168,30,2023-06-05,3
1761,3178,30,2023-06-05,3
1761,3194,30,2023-06-05,3
1762,3196,93,2023-06-05,3
1763,3199,58,2023-06-05,3
1763,3207,58,2023-06-05,3
1764,3214,37,2023-06-05,3
1764,3219,37,2023-06-05,3
1765,3228,22,2023-06-06,2
1766,3262,183,2023-06-07,2
1766,3283,183,2023-06-07,1
1766,3284,183,2023-06-07,1
1767,3288,154,2023-06-09,1
1767,3295,154,2023-06-09,4
1767,3299,154,2023-06-09,1
1768,3312,338,2023-06-09,1
1768,3326,338,2023-06-09,1
1769,3329,580,2023-06-09,4
1769,3333,580,2023-06-09,1
1769,3356,580,2023-06-09,1
1770,3357,176,2023-06-09,1
1770,3359,176,2023-06-09,1
1771,3377,426,2023-06-09,4
1771,3395,426,2023-06-09,1
1772,3451,280,2023-06-10,1
1772,3459,280,2023-06-10,1
1773,3488,91,2023-06-10,4
1773,3490,91,2023-06-10,1
1774,3505,90,2023-06-10,1
1774,3506,90,2023-06-10,1
1774,3515,90,2023-06-10,4
1775,3518,264,2023-06-11,1
1776,3524,281,2023-06-12,4
1777,3525,149,2023-06-14,2
1778,3541,75,2023-06-15,4
1778,3548,75,2023-06-15,4
1779,3554,581,2023-06-15,4
1780,3587,92,2023-06-15,4
1780,3639,92,2023-06-15,4
1780,3646,92,2023-06-15,4
1781,3666,439,2023-06-15,4
1781,3667,439,2023-06-15,4
1781,3669,439,2023-06-15,4
1782,3679,500,2023-06-15,4
1782,3686,500,2023-06-15,4
1782,3691,500,2023-06-15,4
